Game Date,Away Team,Away Lineup,Home Team,Home Lineup,Away Score,Home Score
20200505,LG,"이천웅, 정근우, 김현수, 라모스, 채은성, 박용택, 김민성, 유강남, 오지환, 차우찬",두산,"박건우, 허경민, 오재일, 김재환, 페르난데스, 김재호, 박세혁, 오재원, 정수빈, 알칸타라",2 , 8
20200505,SK,"노수광, 고종욱, 최정, 로맥, 한동민, 윤석민, 이재원, 김창평, 정현, 킹엄",한화,"이용규, 정은원, 호잉, 이성열, 송광민, 김태균, 정진호, 최재훈, 하주석, 서폴드",3 , 0
20200505,KT,"심우준, 김민혁, 강백호, 유한준, 로하스, 황재균, 박경수, 장성우, 배정대, 데스파이네",롯데,"민병헌, 전준우, 손아섭, 이대호, 안치홍, 정훈, 마차도, 한동희, 정보근, 스트레일리",7 , 2
20200505,삼성,"김헌곤, 구자욱, 살라디노, 이원석, 김상수, 김동엽, 강민호, 박해민, 이성규, 백정현",NC,"박민우, 알테어, 나성범, 양의지, 박석민, 모창민, 노진혁, 김성욱, 이명기, 루친스키",4 , 0
20200505,KIA,"최원준, 김선빈, 터커, 최형우, 장영석, 유민상, 나지완, 한승택, 박찬호, 양현종",키움,"서건창, 김하성, 이정후, 박병호, 이택근, 이지영, 모터, 임병욱, 박준태, 브리검",11 , 2
20200506,LG,"이천웅, 정근우, 김현수, 라모스, 채은성, 박용택, 김민성, 유강남, 오지환, 송은범",두산,"박건우, 페르난데스, 오재일, 김재환, 최주환, 김재호, 박세혁, 허경민, 정수빈, 이영하",5 , 2
20200506,SK,"김강민, 윤석민, 최정, 로맥, 정의윤, 한동민, 이재원, 김창평, 정현, 핀토",한화,"이용규, 정은원, 호잉, 이성열, 송광민, 김태균, 정진호, 최재훈, 하주석, 임준섭",2 , 5
20200506,KT,"심우준, 김민혁, 강백호, 유한준, 로하스, 황재균, 박경수, 장성우, 배정대, 쿠에바스",롯데,"민병헌, 전준우, 손아섭, 이대호, 안치홍, 정훈, 마차도, 한동희, 정보근, 서준원",9 , 4
20200506,삼성,"박해민, 김동엽, 구자욱, 살라디노, 김상수, 이원석, 김헌곤, 강민호, 이성규, 라이블리",NC,"박민우, 알테어, 나성범, 양의지, 박석민, 모창민, 노진혁, 김성욱, 이명기, 라이트",4 , 3
20200506,KIA,"박찬호, 김선빈, 터커, 최형우, 이우성, 장영석, 황윤호, 한승택, 최원준, 브룩스",키움,"서건창, 김하성, 이정후, 박병호, 이택근, 박동원, 모터, 임병욱, 박준태, 요키시",3 , 2
20200507,LG,"이천웅, 정근우, 김현수, 라모스, 채은성, 박용택, 김민성, 유강남, 오지환, 정찬헌",두산,"박건우, 페르난데스, 오재일, 김재환, 최주환, 김재호, 박세혁, 허경민, 정수빈, 플렉센",9 , 3
20200507,SK,"정진기, 고종욱, 최정, 로맥, 한동민, 정의윤, 이재원, 김창평, 정현, 박종훈",한화,"정은원, 정진호, 호잉, 이성열, 송광민, 김태균, 하주석, 최재훈, 이용규, 장시환",8 , 4
20200507,KT,"심우준, 김민혁, 강백호, 유한준, 로하스, 황재균, 박경수, 장성우, 배정대, 배제성",롯데,"민병헌, 전준우, 손아섭, 이대호, 안치홍, 정훈, 마차도, 한동희, 정보근, 박세웅",7 , 3
20200507,삼성,"김동엽, 구자욱, 살라디노, 이원석, 김상수, 이성규, 최영진, 강민호, 박해민, 뷰캐넌",NC,"박민우, 이명기, 나성범, 양의지, 모창민, 노진혁, 권희동, 김태진, 김성욱, 구창모",8 , 2
20200507,KIA,"최원준, 박찬호, 김선빈, 최형우, 터커, 나지완, 유민상, 장영석, 백용환, 이민우",키움,"서건창, 김하성, 이정후, 박병호, 박동원, 김혜성, 모터, 임병욱, 박준태, 최원태",5 , 8
20200508,두산,"박건우, 페르난데스, 오재일, 김재환, 최주환, 김재호, 박세혁, 허경민, 정수빈, 유희관",KT,"심우준, 김민혁, 강백호, 유한준, 로하스, 황재균, 박경수, 장성우, 배정대, 소형준",12 , 3
20200508,키움,"서건창, 김하성, 이정후, 박병호, 박동원, 김규민, 모터, 임병욱, 이지영, 이승호",한화,"정은원, 정진호, 호잉, 이성열, 송광민, 김태균, 오선진, 이해창, 이용규, 장민재",3 , 5
20200508,삼성,"박해민, 김동엽, 구자욱, 살라디노, 김상수, 이원석, 김헌곤, 김응민, 이성규, 최채흥",KIA,"박찬호, 황윤호, 김선빈, 터커, 최형우, 나지완, 유민상, 한승택, 최원준, 가뇽",0 , 5
20200508,롯데,"민병헌, 전준우, 손아섭, 이대호, 안치홍, 정훈, 마차도, 신본기, 김준태, 노경은",SK,"정진기, 고종욱, 최정, 로맥, 한동민, 채태인, 이현석, 김창평, 정현, 문승원",8 , 9
20200508,NC,"박민우, 이명기, 나성범, 양의지, 모창민, 노진혁, 권희동, 김태진, 김성욱, 이재학",LG,"이천웅, 정근우, 김현수, 라모스, 채은성, 박용택, 김민성, 유강남, 오지환, 윌슨",5 , 13
20200509,키움,"서건창, 김하성, 이정후, 박병호, 이택근, 박동원, 모터, 임병욱, 박준태, 한현희",한화,"정진호, 정은원, 호잉, 이성열, 송광민, 오선진, 하주석, 최재훈, 장진혁, 김이환",3 , 5
20200509,삼성,"박해민, 김동엽, 김상수, 살라디노, 이원석, 김헌곤, 강민호, 박찬도, 이성규, 원태인",KIA,"최원준, 김선빈, 터커, 최형우, 장영석, 유민상, 박찬호, 최정용, 백용환, 임기영",2 , 14
20200510,두산,"박건우, 페르난데스, 오재일, 김재환, 최주환, 김재호, 박세혁, 허경민, 정수빈, 이용찬",KT,"심우준, 김민혁, 강백호, 유한준, 로하스, 황재균, 박경수, 장성우, 배정대, 김민",12 , 13
20200510,키움,"서건창, 김하성, 이정후, 박병호, 임병욱, 이지영, 모터, 김혜성, 박준태, 브리검",한화,"정진호, 이용규, 호잉, 이성열, 김태균, 오선진, 하주석, 최재훈, 김회성, 서폴드",3 , 6
20200510,삼성,"박해민, 김동엽, 김상수, 살라디노, 이원석, 김헌곤, 강민호, 이성규, 김성표, 백정현",KIA,"박찬호, 김선빈, 터커, 최형우, 장영석, 나지완, 나주환, 한승택, 최원준, 양현종",12 , 3
20200510,롯데,"민병헌, 전준우, 손아섭, 이대호, 안치홍, 정훈, 마차도, 한동희, 정보근, 스트레일리",SK,"정진기, 고종욱, 최정, 로맥, 한동민, 정의윤, 이홍구, 김창평, 김성현, 김태훈",0 , 4
20200510,NC,"박민우, 이명기, 나성범, 양의지, 알테어, 박석민, 노진혁, 이원재, 김준완, 김영규",LG,"이천웅, 김현수, 채은성, 라모스, 김민성, 박용택, 오지환, 유강남, 정주현, 켈리",10 , 8
20200512,LG,"이천웅, 김현수, 채은성, 라모스, 김민성, 박용택, 정근우, 유강남, 오지환, 차우찬",SK,"김강민, 윤석민, 최정, 로맥, 정의윤, 한동민, 이현석, 김창평, 김성현, 킹엄",5 , 9
20200512,키움,"서건창, 김하성, 이정후, 박병호, 박동원, 임병욱, 모터, 김혜성, 박준태, 요키시",삼성,"김헌곤, 김동엽, 김상수, 이원석, 살라디노, 이학주, 강민호, 박해민, 박찬도, 라이블리",2 , 3
20200512,한화,"정진호, 이용규, 호잉, 이성열, 송광민, 김태균, 하주석, 최재훈, 오선진, 김민우",KIA,"최원준, 박찬호, 김선빈, 터커, 최형우, 장영석, 유민상, 나지완, 한승택, 브룩스",2 , 1
20200512,롯데,"민병헌, 전준우, 손아섭, 이대호, 안치홍, 정훈, 마차도, 한동희, 정보근, 장원삼",두산,"박건우, 페르난데스, 오재일, 김재환, 최주환, 김재호, 박세혁, 허경민, 정수빈, 알칸타라",11 , 6
20200512,NC,"박민우, 이명기, 나성범, 알테어, 박석민, 노진혁, 이원재, 김태군, 김준완, 루친스키",KT,"심우준, 김민혁, 강백호, 유한준, 로하스, 황재균, 박경수, 장성우, 배정대, 데스파이네",6 , 7
20200513,LG,"이천웅, 김현수, 채은성, 라모스, 김민성, 박용택, 정근우, 유강남, 오지환, 임찬규",SK,"정진기, 고종욱, 최정, 로맥, 한동민, 정의윤, 이현석, 김창평, 정현, 핀토",2 , 14
20200513,키움,"서건창, 김하성, 이정후, 박병호, 박동원, 임병욱, 모터, 김혜성, 박준태, 최원태",삼성,"김헌곤, 박해민, 김동엽, 살라디노, 김상수, 이원석, 이학주, 강민호, 박찬도, 뷰캐넌",5 , 0
20200513,한화,"정진호, 하주석, 송광민, 호잉, 김태균, 이성열, 오선진, 최재훈, 이용규, 장시환",KIA,"최원준, 김선빈, 터커, 최형우, 나지완, 유민상, 백용환, 황윤호, 박찬호, 이민우",4 , 3
20200513,롯데,"정훈, 전준우, 손아섭, 이대호, 안치홍, 마차도, 한동희, 추재현, 정보근, 서준원",두산,"박건우, 페르난데스, 오재일, 김재환, 오재원, 김재호, 박세혁, 허경민, 정수빈, 이영하",9 , 10
20200513,NC,"박민우, 이명기, 나성범, 양의지, 박석민, 알테어, 노진혁, 이원재, 김성욱, 라이트",KT,"심우준, 김민혁, 강백호, 유한준, 로하스, 황재균, 박경수, 장성우, 배정대, 쿠에바스",4 , 5
20200514,LG,"이천웅, 김현수, 채은성, 라모스, 김민성, 박용택, 오지환, 유강남, 정주현, 윌슨",SK,"정진기, 오준혁, 최정, 로맥, 한동민, 정의윤, 이홍구, 김창평, 정현, 박종훈",2 , 3
20200514,키움,"김혜성, 김하성, 이정후, 박병호, 이택근, 이지영, 김규민, 임병욱, 전병우, 이승호",삼성,"김상수, 김동엽, 이성규, 이원석, 이학주, 김헌곤, 박해민, 김응민, 박찬도, 최채흥",8 , 5
20200514,한화,"정진호, 하주석, 호잉, 이성열, 송광민, 오선진, 장진혁, 이해창, 정은원, 장민재",KIA,"최원준, 박찬호, 김선빈, 터커, 최형우, 나지완, 유민상, 장영석, 한승택, 가뇽",1 , 4
20200514,롯데,"민병헌, 전준우, 손아섭, 이대호, 안치홍, 마차도, 한동희, 추재현, 정보근, 박세웅",두산,"박건우, 페르난데스, 오재일, 김재환, 최주환, 김재호, 허경민, 정상호, 정수빈, 플렉센",7 , 4
20200514,NC,"박민우, 알테어, 나성범, 양의지, 박석민, 노진혁, 권희동, 김태진, 강진성, 구창모",KT,"심우준, 강백호, 로하스, 유한준, 황재균, 박경수, 김민혁, 장성우, 배정대, 배제성",0 , 1
20200515,SK,"정진기, 오준혁, 한동민, 로맥, 정의윤, 윤석민, 김창평, 이홍구, 정현, 문승원",NC,"박민우, 이명기, 나성범, 알테어, 강진성, 노진혁, 이원재, 김태군, 김태진, 이재학",6 , 2
20200515,KT,"심우준, 김민혁, 강백호, 유한준, 로하스, 황재균, 박경수, 장성우, 배정대, 소형준",삼성,"김상수, 김동엽, 구자욱, 이원석, 이학주, 이성규, 김헌곤, 강민호, 박찬도, 원태인",6 , 14
20200515,한화,"정진호, 정은원, 하주석, 이성열, 송광민, 오선진, 장진혁, 최재훈, 이동훈, 김이환",롯데,"민병헌, 전준우, 안치홍, 이대호, 정훈, 마차도, 추재현, 한동희, 정보근, 스트레일리",1 , 2
20200515,KIA,"박찬호, 김선빈, 터커, 최형우, 나지완, 백용환, 나주환, 황윤호, 최원준, 임기영",두산,"박건우, 페르난데스, 오재일, 김재환, 최주환, 김재호, 박세혁, 허경민, 정수빈, 유희관",13 , 4
20200516,LG,"이천웅, 김현수, 채은성, 라모스, 김민성, 박용택, 오지환, 유강남, 정주현, 켈리",키움,"서건창, 김하성, 이정후, 박병호, 이지영, 김혜성, 김주형, 임병욱, 박준태, 브리검",1 , 3
20200516,SK,"김강민, 정의윤, 최정, 로맥, 한동민, 남태혁, 이홍구, 김창평, 정현, 김태훈",NC,"이상호, 이명기, 나성범, 알테어, 박석민, 권희동, 강진성, 김태군, 김찬형, 김영규",2 , 1
20200516,KT,"심우준, 김민혁, 강백호, 유한준, 로하스, 황재균, 박경수, 장성우, 배정대, 김민",삼성,"김상수, 김동엽, 구자욱, 이원석, 이학주, 박계범, 박해민, 김응민, 박승규, 윤성환",4 , 10
20200516,한화,"정진호, 정은원, 하주석, 이성열, 송광민, 오선진, 장진혁, 최재훈, 이동훈, 서폴드",롯데,"민병헌, 전준우, 손아섭, 이대호, 안치홍, 허일, 마차도, 한동희, 김준태, 노경은",5 , 1
20200516,KIA,"박찬호, 김선빈, 터커, 최형우, 나지완, 최원준, 황윤호, 유민상, 한승택, 양현종",두산,"박건우, 페르난데스, 오재일, 김재환, 최주환, 김재호, 허경민, 정상호, 정수빈, 이용찬",4 , 13
20200517,LG,"이천웅, 김현수, 채은성, 라모스, 정근우, 유강남, 정주현, 구본혁, 백승현, 차우찬",키움,"서건창, 김하성, 이정후, 박병호, 이택근, 박동원, 김혜성, 이지영, 박준태, 요키시",9 , 4
20200517,SK,"정진기, 오준혁, 로맥, 한동민, 최정, 김강민, 이홍구, 김창평, 김성현, 백승건",NC,"박민우, 알테어, 나성범, 양의지, 박석민, 강진성, 노진혁, 권희동, 김준완, 루친스키",11 , 5
20200517,KT,"심우준, 김민혁, 조용호, 강백호, 로하스, 황재균, 박승욱, 강현우, 배정대, 데스파이네",삼성,"김지찬, 김동엽, 이학주, 이원석, 박계범, 박해민, 강민호, 박찬도, 박승규, 라이블리",2 , 9
20200517,한화,"정진호, 정은원, 하주석, 이성열, 김태균, 김문호, 최재훈, 김회성, 장진혁, 김민우",롯데,"민병헌, 전준우, 손아섭, 이대호, 안치홍, 마차도, 한동희, 허일, 정보근, 이승헌",4 , 5
20200517,KIA,"박찬호, 김선빈, 터커, 최형우, 나지완, 최원준, 황윤호, 유민상, 백용환, 브룩스",두산,"박건우, 페르난데스, 오재일, 김재환, 최주환, 김재호, 허경민, 정상호, 정수빈, 알칸타라",6 , 4
20200519,두산,"박건우, 페르난데스, 오재일, 김재환, 최주환, 김재호, 박세혁, 허경민, 정수빈, 이영하",NC,"박민우, 알테어, 나성범, 양의지, 박석민, 노진혁, 강진성, 이명기, 권희동, 라이트",5 , 4
20200519,키움,"서건창, 김하성, 이정후, 박병호, 이택근, 박동원, 김혜성, 이지영, 박준태, 최원태",SK,"김강민, 오준혁, 로맥, 한동민, 최정, 정의윤, 이홍구, 김창평, 정현, 핀토",6 , 11
20200519,KT,"심우준, 김민혁, 조용호, 강백호, 로하스, 황재균, 박경수, 장성우, 배정대, 쿠에바스",한화,"정은원, 김문호, 정진호, 이성열, 김태균, 송광민, 최재훈, 노시환, 장진혁, 장시환",11 , 13
20200519,삼성,"김상수, 김동엽, 구자욱, 이원석, 이학주, 살라디노, 박계범, 강민호, 박해민, 뷰캐넌",LG,"이천웅, 김현수, 채은성, 라모스, 김민성, 박용택, 오지환, 이성우, 정주현, 임찬규",10 , 6
20200519,KIA,"박찬호, 김선빈, 터커, 최형우, 나지완, 최원준, 황대인, 황윤호, 한승택, 이민우",롯데,"민병헌, 손아섭, 전준우, 이대호, 안치홍, 마차도, 한동희, 정보근, 신본기, 서준원",2 , 9
20200520,두산,"박건우, 페르난데스, 오재일, 김재환, 최주환, 김재호, 허경민, 정수빈, 정상호, 플렉센",NC,"박민우, 알테어, 나성범, 양의지, 박석민, 노진혁, 강진성, 권희동, 이명기, 구창모",1 , 2
20200520,키움,"서건창, 김하성, 이정후, 박병호, 김혜성, 이택근, 김규민, 이지영, 박준태, 이승호",SK,"김강민, 정의윤, 최정, 로맥, 한동민, 남태혁, 이홍구, 김창평, 김성현, 박종훈",5 , 3
20200520,KT,"심우준, 김민혁, 조용호, 강백호, 로하스, 황재균, 박경수, 장성우, 배정대, 배제성",한화,"정은원, 이용규, 김문호, 이성열, 송광민, 정진호, 이해창, 박한결, 노태형, 장민재",1 , 8
20200520,삼성,"김상수, 김동엽, 구자욱, 이원석, 이학주, 살라디노, 김헌곤, 김응민, 박해민, 최채흥",LG,"이천웅, 김현수, 채은성, 라모스, 김민성, 정근우, 오지환, 유강남, 정주현, 윌슨",1 , 3
20200520,KIA,"박찬호, 김선빈, 터커, 최형우, 나지완, 최원준, 황대인, 나주환, 한승택, 가뇽",롯데,"민병헌, 전준우, 손아섭, 이대호, 안치홍, 마차도, 한동희, 정보근, 신본기, 스트레일리",0 , 6
20200521,두산,"박건우, 김인태, 페르난데스, 최주환, 오재원, 김재호, 박세혁, 허경민, 정수빈, 유희관",NC,"박민우, 이명기, 나성범, 양의지, 권희동, 노진혁, 강진성, 알테어, 김태진, 이재학",12 , 6
20200521,키움,"서건창, 김하성, 이정후, 박병호, 박동원, 이지영, 김혜성, 변상권, 박준태, 한현희",SK,"노수광, 오준혁, 로맥, 한동민, 정진기, 최정, 김창평, 이홍구, 김성현, 문승원",8 , 9
20200521,KT,"심우준, 김민혁, 조용호, 강백호, 로하스, 박경수, 배정대, 장성우, 김병희, 소형준",한화,"정진호, 정은원, 호잉, 이성열, 김문호, 송광민, 최재훈, 노시환, 이용규, 김이환",9 , 4
20200521,삼성,"김상수, 김동엽, 구자욱, 이원석, 이학주, 김헌곤, 살라디노, 강민호, 박해민, 원태인",LG,"이천웅, 김현수, 채은성, 라모스, 김민성, 박용택, 정근우, 유강남, 오지환, 이민호",2 , 0
20200521,KIA,"박찬호, 김선빈, 터커, 최형우, 나지완, 최원준, 황대인, 나주환, 백용환, 임기영",롯데,"민병헌, 손아섭, 전준우, 이대호, 안치홍, 마차도, 김동한, 정보근, 신본기, 박세웅",1 , 6
20200522,LG,"이천웅, 김현수, 채은성, 라모스, 박용택, 정근우, 오지환, 유강남, 백승현, 켈리",KT,"심우준, 김민혁, 조용호, 로하스, 박경수, 배정대, 장성우, 김병희, 박승욱, 데스파이네",5 , 6
20200522,SK,"김강민, 정의윤, 최정, 로맥, 남태혁, 한동민, 정현, 이홍구, 김성현, 김주한",KIA,"박찬호, 김선빈, 터커, 최형우, 나지완, 황대인, 최원준, 황윤호, 한승택, 양현종",2 , 1
20200522,삼성,"김상수, 구자욱, 이학주, 김동엽, 이원석, 이성곤, 살라디노, 김응민, 김헌곤, 라이블리",두산,"박건우, 페르난데스, 최주환, 김재환, 오재원, 김재호, 박세혁, 정수빈, 류지혁, 이용찬",12 , 7
20200522,롯데,"민병헌, 손아섭, 전준우, 이대호, 안치홍, 마차도, 한동희, 김준태, 추재현, 노경은",키움,"서건창, 박동원, 이정후, 박병호, 이지영, 김주형, 김혜성, 박정음, 김규민, 브리검",7 , 9
20200522,NC,"박민우, 이명기, 나성범, 박석민, 노진혁, 강진성, 알테어, 김태군, 김준완, 김영규",한화,"정은원, 김문호, 호잉, 이성열, 송광민, 최재훈, 정진호, 노시환, 이용규, 서폴드",5 , 3
20200523,LG,"홍창기, 김현수, 채은성, 라모스, 박용택, 김민성, 정근우, 유강남, 오지환, 차우찬",KT,"심우준, 오태곤, 조용호, 로하스, 박경수, 배정대, 강현우, 강민국, 김병희, 김민",6 , 2
20200523,SK,"노수광, 오준혁, 로맥, 한동민, 최정, 정진기, 김창평, 이홍구, 정현, 김태훈",KIA,"박찬호, 김선빈, 터커, 나지완, 최형우, 황대인, 이우성, 나주환, 한승택, 브룩스",8 , 3
20200523,삼성,"김상수, 김지찬, 구자욱, 김동엽, 이학주, 이원석, 살라디노, 강민호, 김헌곤, 김대우",두산,"박건우, 페르난데스, 최주환, 김재환, 오재원, 허경민, 정수빈, 류지혁, 정상호, 알칸타라",10 , 6
20200523,롯데,"민병헌, 손아섭, 전준우, 이대호, 안치홍, 한동희, 김동한, 김준태, 마차도, 이인복",키움,"서건창, 김하성, 이정후, 박병호, 박동원, 이지영, 이택근, 김규민, 김주형, 요키시",12 , 4
20200523,NC,"박민우, 이명기, 나성범, 양의지, 박석민, 노진혁, 강진성, 알테어, 권희동, 루친스키",한화,"정은원, 김문호, 호잉, 이성열, 송광민, 정진호, 최재훈, 노시환, 장진혁, 김민우",0 , 3
20200524,LG,"홍창기, 김현수, 채은성, 라모스, 김민성, 정근우, 김용의, 유강남, 오지환, 임찬규",KT,"심우준, 배정대, 조용호, 로하스, 박경수, 장성우, 오태곤, 문상철, 강민국, 쿠에바스",7 , 9
20200524,SK,"노수광, 정진기, 한동민, 로맥, 남태혁, 최항, 김창평, 이현석, 정현, 핀토",KIA,"박찬호, 터커, 최형우, 나지완, 유민상, 백용환, 최원준, 나주환, 황윤호, 이민우",3 , 4
20200524,삼성,"김상수, 김지찬, 이학주, 김동엽, 이원석, 김헌곤, 살라디노, 강민호, 박찬도, 뷰캐넌",두산,"박건우, 페르난데스, 최주환, 김재환, 오재원, 허경민, 정수빈, 류지혁, 정상호, 이영하",0 , 13
20200524,롯데,"민병헌, 전준우, 손아섭, 이대호, 한동희, 김동한, 허일, 정보근, 마차도, 서준원",키움,"서건창, 김하성, 이정후, 박병호, 박동원, 이지영, 이택근, 김규민, 김주형, 최원태",0 , 2
20200524,NC,"박민우, 이명기, 나성범, 박석민, 강진성, 노진혁, 이원재, 김태군, 김태진, 라이트",한화,"정은원, 이용규, 김문호, 호잉, 정진호, 이성열, 송광민, 최재훈, 노시환, 장시환",5 , 10
20200526,두산,"박건우, 페르난데스, 최주환, 김재환, 오재원, 김재호, 허경민, 정수빈, 정상호, 플렉센",SK,"노수광, 오준혁, 최정, 로맥, 정진기, 정의윤, 최준우, 이홍구, 정현, 박종훈",4 , 6
20200526,KT,"심우준, 김민혁, 조용호, 로하스, 황재균, 박경수, 배정대, 장성우, 강민국, 배제성",KIA,"박찬호, 김선빈, 터커, 최형우, 나지완, 유민상, 나주환, 한승택, 최원준, 가뇽",4 , 1
20200526,한화,"정은원, 이용규, 정진호, 호잉, 김문호, 송광민, 이성열, 최재훈, 노시환, 채드벨",LG,"이천웅, 김현수, 채은성, 라모스, 김민성, 정근우, 정주현, 유강남, 오지환, 윌슨",3 , 0
20200526,롯데,"민병헌, 손아섭, 전준우, 이대호, 안치홍, 한동희, 허일, 정보근, 마차도, 스트레일리",삼성,"김상수, 김지찬, 이학주, 김동엽, 이원석, 김헌곤, 살라디노, 김응민, 박찬도, 최채흥",0 , 1
20200526,NC,"박민우, 이명기, 나성범, 강진성, 박석민, 권희동, 알테어, 김찬형, 김태군, 구창모",키움,"서건창, 김하성, 이정후, 박병호, 박동원, 이지영, 이택근, 모터, 김주형, 이승호",2 , 7
20200527,두산,"정수빈, 페르난데스, 최주환, 김재환, 오재원, 김재호, 박세혁, 허경민, 박건우, 유희관",SK,"노수광, 최지훈, 최정, 로맥, 정진기, 정의윤, 최준우, 이홍구, 김성현, 문승원",2 , 4
20200527,KT,"심우준, 김민혁, 조용호, 로하스, 황재균, 박경수, 배정대, 장성우, 박승욱, 데스파이네",KIA,"박찬호, 김선빈, 터커, 최형우, 나지완, 황대인, 나주환, 백용환, 최원준, 임기영",0 , 5
20200527,한화,"정은원, 정진호, 김문호, 호잉, 이성열, 송광민, 이해창, 노시환, 이용규, 장민재",LG,"이천웅, 김현수, 채은성, 라모스, 김민성, 박용택, 정근우, 유강남, 오지환, 정찬헌",15 , 4
20200527,롯데,"민병헌, 전준우, 손아섭, 이대호, 안치홍, 한동희, 신본기, 정보근, 마차도, 박세웅",삼성,"김상수, 박계범, 김동엽, 이원석, 김헌곤, 살라디노, 박찬도, 강민호, 박승규, 원태인",11 , 1
20200527,NC,"박민우, 이명기, 나성범, 양의지, 박석민, 노진혁, 이원재, 알테어, 김준완, 이재학",키움,"서건창, 김하성, 이정후, 박병호, 박동원, 이택근, 김혜성, 모터, 김규민, 한현희",3 , 10
20200528,두산,"정수빈, 페르난데스, 최주환, 김재환, 오재원, 김재호, 박세혁, 허경민, 박건우, 이용찬",SK,"노수광, 최지훈, 최정, 로맥, 정진기, 정의윤, 최준우, 이홍구, 정현, 이건욱",6 , 1
20200528,KT,"심우준, 배정대, 조용호, 로하스, 황재균, 박경수, 장성우, 문상철, 오태곤, 소형준",KIA,"박찬호, 터커, 최형우, 나지완, 황대인, 최원준, 나주환, 김규성, 한승택, 양현종",5 , 6
20200528,한화,"정은원, 정진호, 김문호, 호잉, 이성열, 송광민, 최재훈, 노시환, 이용규, 서폴드",LG,"이천웅, 김현수, 채은성, 라모스, 김민성, 박용택, 정근우, 유강남, 오지환, 켈리",3 , 0
20200528,롯데,"민병헌, 전준우, 손아섭, 이대호, 안치홍, 김동한, 한동희, 김준태, 마차도, 샘슨",삼성,"김상수, 박계범, 이학주, 이원석, 살라디노, 박찬도, 김헌곤, 강민호, 박승규, 허윤동",3 , 1
20200528,NC,"박민우, 이명기, 나성범, 양의지, 박석민, 강진성, 알테어, 노진혁, 권희동, 김영규",키움,"서건창, 김하성, 이정후, 박병호, 박동원, 이지영, 이택근, 김규민, 김주형, 정대현",6 , 9
20200529,두산,"정수빈, 페르난데스, 최주환, 김재환, 김재호, 박세혁, 오재원, 허경민, 박건우, 알칸타라",롯데,"민병헌, 손아섭, 전준우, 이대호, 안치홍, 한동희, 김준태, 추재현, 마차도, 노경은",2 , 4
20200529,키움,"서건창, 김하성, 이정후, 박병호, 박동원, 김웅빈, 김혜성, 박정음, 박준태, 요키시",KT,"배정대, 오태곤, 조용호, 로하스, 황재균, 문상철, 강현우, 김병희, 강민국, 김민",1 , 5
20200529,SK,"노수광, 최지훈, 최정, 로맥, 정진기, 정의윤, 최준우, 이홍구, 정현, 김태훈",한화,"정은원, 정진호, 호잉, 이성열, 송광민, 이해창, 최재훈, 노시환, 이용규, 김민우",6 , 8
20200529,삼성,"김상수, 박찬도, 이학주, 이원석, 살라디노, 김헌곤, 이성곤, 강민호, 박승규, 김대우",NC,"박민우, 이명기, 나성범, 양의지, 박석민, 노진혁, 강진성, 알테어, 이원재, 루친스키",4 , 5
20200529,KIA,"박찬호, 터커, 나지완, 최형우, 황대인, 이우성, 백용환, 김규성, 황윤호, 브룩스",LG,"이천웅, 김현수, 채은성, 라모스, 박용택, 정근우, 오지환, 유강남, 백승현, 차우찬",6 , 2
20200530,두산,"정수빈, 페르난데스, 오재일, 김재환, 김재호, 최주환, 박세혁, 허경민, 박건우, 이영하",롯데,"손아섭, 전준우, 안치홍, 이대호, 김준태, 한동희, 추재현, 정보근, 마차도, 서준원",4 , 5
20200530,키움,"이정후, 김하성, 김웅빈, 박병호, 박동원, 김규민, 김혜성, 김주형, 박준태, 최원태",KT,"심우준, 배정대, 조용호, 로하스, 황재균, 박경수, 문상철, 장성우, 김민혁, 쿠에바스",3 , 14
20200530,SK,"노수광, 최지훈, 최정, 로맥, 정진기, 오준혁, 최항, 이흥련, 정현, 핀토",한화,"이용규, 정은원, 정진호, 호잉, 이성열, 김문호, 노시환, 최재훈, 송광민, 장시환",3 , 9
20200530,삼성,"김상수, 김동엽, 이학주, 이원석, 살라디노, 박찬도, 김헌곤, 강민호, 박승규, 뷰캐넌",NC,"박민우, 이명기, 나성범, 양의지, 강진성, 노진혁, 알테어, 김태진, 권희동, 라이트",1 , 9
20200530,KIA,"박찬호, 김선빈, 터커, 최형우, 나지완, 유민상, 나주환, 한승택, 최원준, 이민우",LG,"홍창기, 김현수, 채은성, 라모스, 박용택, 김민성, 오지환, 이성우, 정주현, 임찬규",6 , 10
20200531,두산,"정수빈, 페르난데스, 오재일, 김재환, 최주환, 허경민, 박건우, 류지혁, 정상호, 플렉센",롯데,"민병헌, 전준우, 손아섭, 이대호, 안치홍, 마차도, 한동희, 정보근, 신본기, 스트레일리",8 , 3
20200531,키움,"김혜성, 김하성, 이정후, 박병호, 이지영, 이택근, 허정협, 전병우, 박준태, 이승호",KT,"심우준, 배정대, 조용호, 로하스, 박경수, 장성우, 황재균, 문상철, 박승욱, 배제성",12 , 8
20200531,SK,"김강민, 정의윤, 최정, 로맥, 남태혁, 이흥련, 김성현, 정현, 노수광, 박종훈",한화,"이용규, 정은원, 호잉, 최진행, 이성열, 정진호, 송광민, 최재훈, 노시환, 채드벨",4 , 6
20200531,삼성,"김지찬, 박계범, 이학주, 이원석, 살라디노, 박찬도, 김헌곤, 김응민, 박승규, 최채흥",NC,"박민우, 서호철, 나성범, 양의지, 강진성, 권희동, 알테어, 김태군, 김찬형, 구창모",18 , 7
20200531,KIA,"박찬호, 김선빈, 터커, 최형우, 나지완, 유민상, 황윤호, 한승택, 최원준, 가뇽",LG,"이천웅, 김현수, 채은성, 라모스, 김민성, 홍창기, 오지환, 유강남, 정주현, 윌슨",13 , 5
20200602,LG,"이천웅, 김현수, 채은성, 라모스, 김민성, 오지환, 정주현, 유강남, 김용의, 이민호",삼성,"김상수, 박찬도, 살라디노, 이원석, 이학주, 김동엽, 이성규, 강민호, 김헌곤, 원태인",2 , 0
20200602,KT,"심우준, 배정대, 조용호, 로하스, 박경수, 장성우, 황재균, 문상철, 김민혁, 데스파이네",두산,"정수빈, 페르난데스, 오재일, 김재환, 최주환, 김재호, 박건우, 박세혁, 허경민, 유희관",11 , 8
20200602,한화,"이용규, 정은원, 호잉, 최진행, 이성열, 정진호, 송광민, 이해창, 노시환, 김이환",키움,"김혜성, 김하성, 이정후, 박병호, 박동원, 김웅빈, 전병우, 김규민, 박준태, 한현희",15 , 3
20200602,KIA,"김호령, 김선빈, 터커, 최형우, 나지완, 유민상, 한승택, 박찬호, 황윤호, 임기영",롯데,"민병헌, 손아섭, 전준우, 이대호, 안치홍, 한동희, 김준태, 정보근, 마차도, 박세웅",2 , 7
20200602,NC,"박민우, 이명기, 나성범, 양의지, 강진성, 노진혁, 권희동, 알테어, 김태진, 이재학",SK,"노수광, 최지훈, 로맥, 정의윤, 오준혁, 최정, 이흥련, 최준우, 정현, 문승원",8 , 2
20200603,LG,"이천웅, 김현수, 채은성, 라모스, 김민성, 정근우, 오지환, 유강남, 정주현, 켈리",삼성,"김상수, 박찬도, 살라디노, 이원석, 김헌곤, 김동엽, 이학주, 강민호, 박승규, 허윤동",12 , 6
20200603,KT,"심우준, 배정대, 조용호, 로하스, 박경수, 장성우, 황재균, 문상철, 천성호, 소형준",두산,"정수빈, 페르난데스, 오재일, 김재환, 최주환, 김재호, 박건우, 박세혁, 이유찬, 이용찬",2 , 7
20200603,한화,"이용규, 정은원, 호잉, 이성열, 김태균, 정진호, 송광민, 최재훈, 노시환, 서폴드",키움,"서건창, 김하성, 이정후, 박병호, 박동원, 김혜성, 전병우, 김규민, 박준태, 조영건",6 , 2
20200603,KIA,"김호령, 김선빈, 터커, 최형우, 나지완, 유민상, 백용환, 황윤호, 박찬호, 양현종",롯데,"민병헌, 손아섭, 전준우, 이대호, 안치홍, 오윤석, 신본기, 김준태, 마차도, 샘슨",2 , 11
20200603,NC,"박민우, 이명기, 나성범, 양의지, 박석민, 강진성, 노진혁, 알테어, 권희동, 최성영",SK,"김강민, 정의윤, 최정, 로맥, 남태혁, 이흥련, 김성현, 정현, 최지훈, 이건욱",6 , 8
20200604,LG,"이천웅, 김현수, 채은성, 라모스, 김민성, 박용택, 정근우, 유강남, 오지환, 정찬헌",삼성,"김상수, 박찬도, 살라디노, 이원석, 이학주, 이성곤, 김헌곤, 강민호, 박승규, 백정현",0 , 11
20200604,KT,"심우준, 배정대, 조용호, 로하스, 박경수, 장성우, 황재균, 문상철, 천성호, 김민",두산,"박건우, 페르난데스, 오재일, 김재환, 최주환, 오재원, 김재호, 박세혁, 김인태, 알칸타라",14 , 8
20200604,한화,"이용규, 정은원, 호잉, 이성열, 김태균, 최진행, 김회성, 최재훈, 노시환, 김민우",키움,"서건창, 김하성, 이정후, 박병호, 박동원, 전병우, 김혜성, 허정협, 박준태, 요키시",7 , 3
20200604,KIA,"김호령, 김선빈, 터커, 최형우, 나지완, 유민상, 장영석, 한승택, 박찬호, 브룩스",롯데,"손아섭, 전준우, 안치홍, 이대호, 허일, 민병헌, 오윤석, 김준태, 마차도, 노경은",3 , 7
20200604,NC,"박민우, 권희동, 나성범, 양의지, 박석민, 강진성, 알테어, 김찬형, 김성욱, 루친스키",SK,"노수광, 최지훈, 최정, 로맥, 정진기, 정의윤, 최항, 이홍구, 정현, 김태훈",0 , 10
20200605,두산,"박건우, 페르난데스, 오재일, 김재환, 최주환, 오재원, 김재호, 박세혁, 양찬열, 이영하",KIA,"김호령, 박찬호, 터커, 최형우, 나지완, 유민상, 장영석, 백용환, 김규성, 이민우",1 , 5
20200605,키움,"김혜성, 김하성, 이정후, 박병호, 박동원, 전병우, 이택근, 허정협, 박준태, 최원태",LG,"이천웅, 김현수, 채은성, 라모스, 김민성, 박용택, 정근우, 유강남, 오지환, 임찬규",3 , 6
20200605,SK,"노수광, 최지훈, 최정, 로맥, 오준혁, 정진기, 최항, 이흥련, 정현, 핀토",삼성,"김상수, 박찬도, 살라디노, 김동엽, 이성규, 박해민, 박승규, 강민호, 김지찬, 김대우",1 , 4
20200605,한화,"이용규, 정은원, 호잉, 김태균, 정진호, 송광민, 노시환, 최재훈, 김회성, 장시환",NC,"박민우, 이명기, 나성범, 양의지, 박석민, 노진혁, 강진성, 알테어, 권희동, 라이트",13 , 2
20200605,롯데,"손아섭, 전준우, 안치홍, 이대호, 허일, 오윤석, 한동희, 정보근, 마차도, 서준원",KT,"배정대, 문상철, 조용호, 로하스, 박경수, 황재균, 장성우, 강민국, 김민혁, 김민수",4 , 6
20200606,두산,"박건우, 페르난데스, 오재일, 김재환, 최주환, 박세혁, 류지혁, 양찬열, 권민석, 플렉센",KIA,"김호령, 김선빈, 터커, 최형우, 나지완, 유민상, 장영석, 한승택, 박찬호, 가뇽",3 , 4
20200606,키움,"서건창, 전병우, 이정후, 김하성, 김웅빈, 이지영, 김혜성, 박정음, 박준태, 이승호",LG,"이천웅, 김현수, 김민성, 라모스, 박용택, 정근우, 홍창기, 유강남, 오지환, 윌슨",4 , 5
20200606,SK,"김강민, 최지훈, 정의윤, 로맥, 윤석민, 남태혁, 최항, 이흥련, 정현, 박종훈",삼성,"김상수, 박해민, 살라디노, 김동엽, 백승민, 양우현, 이학주, 김응민, 박승규, 최채흥",4 , 6
20200606,한화,"이용규, 정은원, 송광민, 최진행, 김태균, 김회성, 노시환, 이해창, 정진호, 채드벨",NC,"김성욱, 권희동, 나성범, 양의지, 박석민, 강진성, 알테어, 노진혁, 지석훈, 구창모",14 , 2
20200606,롯데,"손아섭, 전준우, 안치홍, 이대호, 허일, 오윤석, 한동희, 정보근, 마차도, 스트레일리",KT,"심우준, 김민혁, 조용호, 로하스, 박경수, 황재균, 배정대, 장성우, 문상철, 배제성",0 , 1
20200607,두산,"박건우, 페르난데스, 오재일, 김재환, 최주환, 박세혁, 김재호, 류지혁, 양찬열, 유희관",KIA,"김호령, 김선빈, 터커, 최형우, 나지완, 김주찬, 한승택, 황윤호, 박찬호, 임기영",2 , 3
20200607,키움,"서건창, 김하성, 이정후, 박병호, 박동원, 전병우, 김혜성, 허정협, 박준태, 한현희",LG,"이천웅, 김현수, 박용택, 라모스, 김민성, 홍창기, 오지환, 이성우, 정주현, 차우찬",8 , 1
20200607,SK,"노수광, 최지훈, 정의윤, 로맥, 오준혁, 윤석민, 최항, 이흥련, 정현, 문승원",삼성,"김상수, 박찬도, 살라디노, 이성규, 최영진, 박해민, 박승규, 강민호, 김지찬, 뷰캐넌",3 , 0
20200607,한화,"이용규, 정은원, 김태균, 최진행, 이성열, 정진호, 송광민, 최재훈, 노시환, 김이환",NC,"박민우, 이명기, 나성범, 강진성, 박석민, 노진혁, 알테어, 김태진, 김태군, 이재학",8 , 2
20200607,롯데,"손아섭, 강로한, 안치홍, 이대호, 오윤석, 김준태, 마차도, 한동희, 김재유, 박세웅",KT,"심우준, 김민혁, 배정대, 로하스, 유한준, 박경수, 문상철, 장성우, 강민국, 데스파이네",2 , 5
20200609,LG,"이천웅, 김현수, 채은성, 라모스, 김민성, 박용택, 정근우, 유강남, 오지환, 켈리, 켈리",SK,"노수광, 최지훈, 최정, 로맥, 정의윤, 정진기, 이흥련, 최항, 김성현, 이건욱, 이건욱",5 , 3
20200609,KT,"심우준, 조용호, 강백호, 유한준, 로하스, 박경수, 장성우, 강민국, 배정대, 소형준",KIA,"김선빈, 터커, 최형우, 나지완, 유민상, 한승택, 최원준, 박찬호, 나주환, 양현종",3 , 2
20200609,삼성,"김상수, 박찬도, 구자욱, 살라디노, 이학주, 최영진, 박해민, 강민호, 이성규, 원태인",키움,"서건창, 김하성, 이정후, 박병호, 박동원, 전병우, 허정협, 김주형, 김규민, 조영건",5 , 3
20200609,롯데,"손아섭, 전준우, 안치홍, 이대호, 오윤석, 김준태, 마차도, 허일, 강로한, 샘슨",한화,"이용규, 박정현, 최인호, 노시환, 호잉, 김태균, 이동훈, 박상언, 조한민, 서폴드",3 , 9
20200609,NC,"박민우, 이명기, 나성범, 강진성, 양의지, 박석민, 노진혁, 알테어, 권희동, 최성영",두산,"박건우, 페르난데스, 오재일, 김재환, 최주환, 김재호, 정수빈, 정상호, 권민석, 조제영",8 , 12
20200610,KT,"심우준, 조용호, 강백호, 유한준, 로하스, 박경수, 장성우, 천성호, 배정대, 김민",KIA,"김호령, 터커, 최형우, 나지완, 유민상, 한승택, 류지혁, 박찬호, 김규성, 브룩스",10 , 0
20200610,삼성,"김상수, 박승규, 구자욱, 살라디노, 이성규, 이학주, 최영진, 강민호, 박해민, 백정현",키움,"서건창, 김하성, 이정후, 박병호, 박동원, 전병우, 김혜성, 김규민, 박준태, 요키시",1 , 4
20200610,롯데,"손아섭, 전준우, 안치홍, 이대호, 오윤석, 김준태, 마차도, 김재유, 강로한, 노경은",한화,"이용규, 정은원, 최인호, 노시환, 호잉, 김태균, 정진호, 최재훈, 조한민, 김민우",2 , 12
20200610,NC,"박민우, 이명기, 나성범, 강진성, 양의지, 박석민, 노진혁, 알테어, 권희동, 루친스키",두산,"정수빈, 페르난데스, 오재일, 김재환, 최주환, 박세혁, 김재호, 양찬열, 권민석, 알칸타라",9 , 1
20200611,LG,"이천웅, 김현수, 채은성, 라모스, 김민성, 정근우, 백승현, 이성우, 김용의, 임찬규",SK,"김강민, 최지훈, 최정, 로맥, 오준혁, 윤석민, 최항, 이홍구, 김성현, 김태훈",3 , 4
20200611,KT,"조용호, 배정대, 강백호, 유한준, 로하스, 박경수, 장성우, 천성호, 심우준, 김민수",KIA,"김호령, 터커, 나지완, 류지혁, 백용환, 오선우, 김주찬, 김규성, 박찬호, 이민우",8 , 13
20200611,삼성,"김상수, 박승규, 구자욱, 살라디노, 이성규, 이학주, 김동엽, 강민호, 박해민, 김대우",키움,"서건창, 박병호, 이정후, 김하성, 박동원, 김혜성, 전병우, 김규민, 박준태, 최원태",3 , 6
20200611,롯데,"손아섭, 전준우, 안치홍, 이대호, 오윤석, 지성준, 마차도, 김재유, 강로한, 서준원",한화,"정은원, 정진호, 이용규, 호잉, 최인호, 노시환, 노태형, 최재훈, 박한결, 장민재",0 , 5
20200611,NC,"박민우, 이명기, 나성범, 양의지, 강진성, 노진혁, 알테어, 김태군, 김태진, 라이트",두산,"박건우, 페르난데스, 오재일, 김재환, 최주환, 김재호, 박세혁, 정수빈, 권민석, 이영하",5 , 7
20200612,LG,"이천웅, 김현수, 박용택, 채은성, 김민성, 김호은, 정근우, 유강남, 구본혁, 윌슨",롯데,"손아섭, 전준우, 안치홍, 이대호, 마차도, 지성준, 오윤석, 한동희, 민병헌, 스트레일리",2 , 3
20200612,SK,"김강민, 최지훈, 최정, 로맥, 정의윤, 정진기, 이흥련, 김성현, 정현, 박종훈",KIA,"김호령, 터커, 최형우, 나지완, 류지혁, 김주찬, 한승택, 김규성, 박찬호, 가뇽",6 , 3
20200612,한화,"이용규, 정은원, 호잉, 김태균, 양성우, 노태형, 노시환, 최재훈, 박한결, 채드벨",두산,"박건우, 페르난데스, 최주환, 오재일, 김재환, 김재호, 정수빈, 정상호, 권민석, 최원준",5 , 2
20200612,NC,"박민우, 이명기, 나성범, 양의지, 강진성, 박석민, 알테어, 권희동, 김찬형, 구창모",키움,"김혜성, 박병호, 김하성, 박동원, 이지영, 전병우, 김규민, 허정협, 박정음, 이승호",3 , 2
20200613,LG,"이천웅, 홍창기, 김현수, 채은성, 유강남, 김호은, 정근우, 오지환, 구본혁, 차우찬",롯데,"민병헌, 전준우, 손아섭, 이대호, 김동한, 지성준, 오윤석, 마차도, 한동희, 박세웅",7 , 6
20200613,SK,"최지훈, 고종욱, 최정, 로맥, 정진기, 최항, 이흥련, 김성현, 노수광, 문승원",KIA,"김호령, 류지혁, 터커, 나지완, 유민상, 오선우, 한승택, 김규성, 나주환, 임기영",2 , 1
20200613,한화,"이용규, 정은원, 김태균, 호잉, 김민하, 양성우, 노시환, 최재훈, 박한결, 한승주",두산,"박건우, 페르난데스, 최주환, 오재일, 김재환, 김재호, 박세혁, 정수빈, 권민석, 유희관",6 , 7
20200613,삼성,"김지찬, 박찬도, 구자욱, 백승민, 박계범, 최영진, 박승규, 김도환, 박해민, 이승민",KT,"조용호, 배정대, 강백호, 유한준, 로하스, 박경수, 천성호, 강현우, 심우준, 배제성",7 , 4
20200613,NC,"박민우, 이명기, 나성범, 박석민, 모창민, 권희동, 알테어, 김태군, 김찬형, 이재학",키움,"서건창, 박병호, 이정후, 김하성, 박동원, 전병우, 김혜성, 허정협, 박준태, 한현희",18 , 5
20200614,LG,"이천웅, 김현수, 박용택, 채은성, 김민성, 김호은, 정근우, 유강남, 오지환, 켈리",롯데,"민병헌, 손아섭, 전준우, 이대호, 신본기, 김준태, 오윤석, 한동희, 마차도, 샘슨",6 , 10
20200614,SK,"김강민, 정의윤, 최정, 로맥, 남태혁, 이흥련, 정진기, 김성현, 정현, 이건욱",KIA,"김호령, 터커, 최형우, 나지완, 류지혁, 김주찬, 백용환, 김규성, 박찬호, 양현종",3 , 4
20200614,한화,"이용규, 정은원, 호잉, 김태균, 정진호, 노시환, 노태형, 최재훈, 박한결, 서폴드",두산,"박건우, 정수빈, 최주환, 페르난데스, 김재환, 김재호, 박세혁, 양찬열, 이유찬, 박종기",2 , 3
20200614,삼성,"김상수, 구자욱, 살라디노, 이원석, 이학주, 이성규, 김지찬, 강민호, 박해민, 원태인",KT,"김민혁, 배정대, 강백호, 로하스, 유한준, 김영환, 천성호, 허도환, 심우준, 소형준",0 , 12
20200614,NC,"박민우, 이명기, 나성범, 양의지, 강진성, 권희동, 박석민, 알테어, 김찬형, 김진호",키움,"서건창, 박병호, 이정후, 김하성, 박동원, 전병우, 김혜성, 허정협, 박준태, 조영건",5 , 9
20200616,두산,"박건우, 정수빈, 최주환, 페르난데스, 김재호, 김재환, 박세혁, 김인태, 서예일, 알칸타라",삼성,"김상수, 구자욱, 살라디노, 이원석, 이학주, 이성규, 박승규, 김응민, 박해민, 백정현",4 , 3
20200616,키움,"서건창, 박병호, 이정후, 김하성, 박동원, 김혜성, 전병우, 허정협, 박준태, 요키시",롯데,"김동한, 전준우, 손아섭, 이대호, 마차도, 김민수, 배성근, 김준태, 민병헌, 노경은",7 , 5
20200616,SK,"최지훈, 고종욱, 최정, 로맥, 정의윤, 김강민, 이흥련, 최준우, 김성현, 핀토",KT,"조용호, 배정대, 강백호, 유한준, 로하스, 황재균, 박경수, 장성우, 천성호, 김민수",6 , 5
20200616,한화,"이용규, 양성우, 정은원, 김태균, 노태형, 호잉, 최재훈, 노시환, 조한민, 장민재",LG,"이천웅, 오지환, 김현수, 채은성, 박용택, 김호은, 유강남, 정주현, 구본혁, 정찬헌",9 , 5
20200616,KIA,"김호령, 터커, 최형우, 나지완, 유민상, 한승택, 나주환, 김규성, 박찬호, 브룩스",NC,"박민우, 이명기, 나성범, 양의지, 강진성, 권희동, 박석민, 알테어, 김찬형, 루친스키",4 , 7
20200617,두산,"박건우, 정수빈, 최주환, 페르난데스, 김재호, 김재환, 박세혁, 국해성, 서예일, 플렉센",삼성,"김상수, 구자욱, 살라디노, 이원석, 이학주, 이성규, 박승규, 김응민, 박해민, 김대우",6 , 3
20200617,키움,"서건창, 전병우, 이정후, 김하성, 허정협, 김혜성, 이지영, 김수환, 박준태, 최원태",롯데,"정훈, 손아섭, 전준우, 이대호, 마차도, 김민수, 김재유, 정보근, 김동한, 서준원",3 , 4
20200617,SK,"최지훈, 고종욱, 최정, 로맥, 정의윤, 김강민, 이흥련, 최준우, 김성현, 김태훈",KT,"배정대, 황재균, 조용호, 유한준, 로하스, 박경수, 문상철, 장성우, 심우준, 조병욱",6 , 4
20200617,한화,"정은원, 정진호, 이용규, 김태균, 김민하, 호잉, 노시환, 박상언, 조한민, 채드벨",LG,"이천웅, 오지환, 김현수, 채은성, 정근우, 김호은, 유강남, 정주현, 손호영, 임찬규",7 , 1
20200617,KIA,"김호령, 터커, 최형우, 나지완, 황대인, 한승택, 나주환, 김규성, 박찬호, 이민우",NC,"박민우, 이명기, 나성범, 알테어, 강진성, 모창민, 박석민, 김태군, 김찬형, 라이트",6 , 7
20200618,두산,"박건우, 페르난데스, 최주환, 김재환, 김재호, 박세혁, 국해성, 정수빈, 서예일, 유희관",삼성,"김상수, 구자욱, 살라디노, 이원석, 이학주, 이성규, 박찬도, 김응민, 박해민, 허윤동",3 , 7
20200618,키움,"서건창, 김혜성, 이정후, 김하성, 허정협, 이지영, 전병우, 김규민, 박준태, 이승호",롯데,"민병헌, 전준우, 손아섭, 이대호, 정훈, 마차도, 안치홍, 정보근, 김동한, 스트레일리",2 , 3
20200618,SK,"최지훈, 고종욱, 최정, 로맥, 정의윤, 김강민, 이흥련, 최준우, 김성현, 박종훈",KT,"김민혁, 배정대, 조용호, 강백호, 로하스, 황재균, 박경수, 허도환, 심우준, 데스파이네",5 , 3
20200618,한화,"노수광, 정은원, 이용규, 최진행, 김태균, 호잉, 최재훈, 노시환, 조한민, 장시환",LG,"홍창기, 오지환, 김현수, 라모스, 채은성, 김호은, 유강남, 정주현, 구본혁, 윌슨",9 , 7
20200619,LG,"이천웅, 김현수, 채은성, 라모스, 박용택, 유강남, 오지환, 정주현, 손호영, 차우찬",두산,"이유찬, 페르난데스, 박건우, 김재환, 최주환, 국해성, 정상호, 백동훈, 권민석, 이영하",18 , 10
20200619,키움,"서건창, 김혜성, 이정후, 김하성, 박동원, 이지영, 전병우, 허정협, 박정음, 한현희",SK,"최지훈, 고종욱, 최정, 로맥, 정의윤, 정진기, 이흥련, 최준우, 김성현, 문승원",1 , 2
20200619,KT,"배정대, 조용호, 로하스, 강백호, 유한준, 황재균, 장성우, 천성호, 심우준, 배제성",롯데,"손아섭, 정훈, 전준우, 이대호, 마차도, 안치홍, 김준태, 한동희, 민병헌, 박세웅",8 , 9
20200619,KIA,"김호령, 터커, 최형우, 나지완, 유민상, 한승택, 나주환, 김규성, 박찬호, 가뇽",삼성,"김상수, 박찬도, 구자욱, 살라디노, 이학주, 이원석, 김지찬, 김응민, 박해민, 뷰캐넌",4 , 5
20200619,NC,"이명기, 권희동, 강진성, 알테어, 나성범, 박석민, 이상호, 김태군, 박준영, 구창모",한화,"노수광, 정은원, 이용규, 김태균, 최진행, 김민하, 조한민, 최재훈, 노시환, 김범수",1 , 3
20200620,LG,"이천웅, 김현수, 채은성, 라모스, 박용택, 오지환, 정주현, 이성우, 손호영, 켈리",두산,"정수빈, 페르난데스, 박건우, 김재환, 최주환, 김재호, 박세혁, 국해성, 이유찬, 박종기",8 , 2
20200620,키움,"김혜성, 김하성, 이정후, 박동원, 박병호, 주효상, 허정협, 전병우, 박준태, 조영건",SK,"김강민, 최지훈, 최정, 로맥, 고종욱, 정진기, 이현석, 김성현, 최준우, 이건욱",3 , 9
20200620,KT,"배정대, 조용호, 로하스, 강백호, 유한준, 황재균, 박경수, 장성우, 심우준, 소형준",롯데,"정훈, 전준우, 손아섭, 이대호, 민병헌, 마차도, 안치홍, 김준태, 한동희, 샘슨",8 , 0
20200620,KIA,"김호령, 터커, 최형우, 나지완, 유민상, 한승택, 나주환, 최정용, 박찬호, 임기영",삼성,"김상수, 구자욱, 살라디노, 이학주, 이원석, 김헌곤, 박승규, 김응민, 김지찬, 원태인",3 , 6
20200620,NC,"박민우, 이명기, 강진성, 나성범, 권희동, 알테어, 이상호, 김태군, 박준영, 이재학",한화,"노수광, 호잉, 김태균, 최진행, 이성열, 노태형, 노시환, 최재훈, 조한민, 서폴드",4 , 3
20200621,LG,"이천웅, 오지환, 김현수, 라모스, 채은성, 박용택, 정근우, 유강남, 구본혁, 이민호",두산,"박건우, 페르난데스, 최주환, 김재환, 김재호, 박세혁, 국해성, 이유찬, 김인태, 알칸타라",3 , 1
20200621,키움,"서건창, 김하성, 이정후, 박동원, 박병호, 허정협, 김혜성, 박정음, 박준태, 요키시",SK,"김강민, 최지훈, 최정, 로맥, 정의윤, 이재원, 윤석민, 김성현, 정현, 핀토",2 , 7
20200621,KT,"배정대, 조용호, 로하스, 강백호, 유한준, 박경수, 황재균, 장성우, 심우준, 쿠에바스",롯데,"정훈, 전준우, 민병헌, 이대호, 마차도, 안치홍, 김재유, 한동희, 김준태, 노경은",2 , 3
20200621,KIA,"김호령, 터커, 최형우, 나지완, 황대인, 백용환, 나주환, 박찬호, 최정용, 양현종",삼성,"김상수, 박승규, 구자욱, 살라디노, 이원석, 최영진, 이학주, 김민수, 김헌곤, 백정현",12 , 5
20200621,NC,"박민우, 이명기, 강진성, 나성범, 권희동, 박석민, 노진혁, 알테어, 김형준, 김진호",한화,"노수광, 이용규, 김태균, 최진행, 이성열, 정은원, 노태형, 박상언, 조한민, 김민우",7 , 9
20200623,LG,"이천웅, 홍창기, 김현수, 라모스, 박용택, 유강남, 정근우, 오지환, 장준원, 김윤식",키움,"서건창, 김하성, 이정후, 박동원, 박병호, 허정협, 김혜성, 전병우, 박준태, 최원태",8 , 3
20200623,SK,"고종욱, 최지훈, 최정, 로맥, 정의윤, 정진기, 이재원, 최준우, 김성현, 김태훈",두산,"허경민, 페르난데스, 박건우, 김재환, 최주환, 국해성, 정수빈, 정상호, 권민석, 플렉센",9 , 2
20200623,KT,"조용호, 배정대, 로하스, 강백호, 유한준, 박경수, 황재균, 장성우, 심우준, 데스파이네",NC,"박민우, 이명기, 나성범, 양의지, 강진성, 권희동, 노진혁, 알테어, 김태진, 루친스키",4 , 3
20200623,삼성,"김상수, 구자욱, 살라디노, 이원석, 이학주, 최영진, 박승규, 김응민, 김헌곤, 최채흥",한화,"노수광, 이용규, 김태균, 최진행, 송광민, 이성열, 정은원, 최재훈, 조한민, 채드벨",4 , 11
20200623,롯데,"손아섭, 허일, 전준우, 이대호, 마차도, 한동희, 안치홍, 정보근, 민병헌, 서준원",KIA,"김호령, 터커, 최형우, 유민상, 오선우, 한승택, 최정용, 나주환, 박찬호, 브룩스",3 , 4
20200624,삼성,"김상수, 박해민, 구자욱, 이원석, 이학주, 최영진, 이성곤, 김응민, 이성규, 허윤동",한화,"이용규, 김민하, 김태균, 최진행, 송광민, 장운호, 정은원, 최재훈, 오선진, 장시환",2 , 3
20200625,LG,"이천웅, 홍창기, 김현수, 라모스, 김호은, 오지환, 정근우, 이성우, 구본혁, 차우찬",키움,"서건창, 김하성, 이정후, 박병호, 박동원, 허정협, 김혜성, 전병우, 박준태, 한현희",8 , 5
20200625,SK,"김경호, 최지훈, 최정, 로맥, 고종욱, 김강민, 이재원, 최준우, 김성현, 문승원",두산,"정수빈, 페르난데스, 최주환, 김재환, 허경민, 박세혁, 국해성, 김인태, 권민석, 이영하",0 , 7
20200625,KT,"배정대, 김민혁, 로하스, 강백호, 유한준, 황재균, 강민국, 허도환, 심우준, 김민수",NC,"김태진, 이상호, 나성범, 강진성, 모창민, 권희동, 김성욱, 김형준, 김찬형, 구창모",6 , 19
20200625,삼성,"김헌곤, 박계범, 이학주, 이원석, 최영진, 김동엽, 박승규, 김응민, 박해민, 뷰캐넌",한화,"이용규, 정은원, 정진호, 김태균, 이성열, 송광민, 오선진, 최재훈, 최인호, 김범수",9 , 2
20200626,두산,"허경민, 페르난데스, 오재일, 김재환, 최주환, 김재호, 박세혁, 김인태, 정수빈, 박종기",NC,"박민우, 이명기, 나성범, 양의지, 강진성, 노진혁, 박석민, 알테어, 김성욱, 이재학",9 , 3
20200626,키움,"서건창, 김하성, 이정후, 박병호, 박동원, 허정협, 김혜성, 전병우, 박준태, 조영건",KIA,"김호령, 김선빈, 터커, 최형우, 나지완, 유민상, 나주환, 한승택, 박찬호, 가뇽",8 , 6
20200626,SK,"김경호, 최지훈, 최정, 로맥, 정의윤, 김강민, 이재원, 최준우, 김성현, 이건욱",LG,"이천웅, 전민수, 김현수, 라모스, 유강남, 오지환, 홍창기, 정주현, 장준원, 켈리",0 , 7
20200626,한화,"이용규, 정은원, 정진호, 김태균, 강경학, 오선진, 이성열, 최재훈, 최인호, 서폴드",KT,"김민혁, 배정대, 로하스, 강백호, 유한준, 황재균, 천성호, 장성우, 심우준, 소형준",4 , 7
20200626,롯데,"정훈, 손아섭, 전준우, 이대호, 마차도, 한동희, 안치홍, 정보근, 민병헌, 스트레일리",삼성,"김헌곤, 박해민, 구자욱, 이학주, 이원석, 김동엽, 박계범, 김민수, 김지찬, 원태인",6 , 4
20200627,두산,"허경민, 페르난데스, 박건우, 김재환, 오재일, 최주환, 김재호, 정상호, 정수빈, 알칸타라",NC,"박민우, 권희동, 나성범, 박석민, 알테어, 모창민, 노진혁, 김성욱, 김태군, 최성영",3 , 12
20200627,키움,"서건창, 김하성, 이정후, 박병호, 박동원, 허정협, 김혜성, 전병우, 박준태, 요키시",KIA,"김호령, 김선빈, 터커, 최형우, 나지완, 황대인, 나주환, 백용환, 박찬호, 양현종",0 , 2
20200627,SK,"김경호, 최지훈, 최정, 로맥, 고종욱, 김강민, 이재원, 최준우, 김성현, 핀토",LG,"이천웅, 오지환, 김현수, 라모스, 유강남, 김호은, 홍창기, 정주현, 장준원, 정찬헌",3 , 0
20200627,한화,"이용규, 정은원, 정진호, 김태균, 강경학, 오선진, 이성열, 최재훈, 최인호, 김민우",KT,"조용호, 배정대, 로하스, 강백호, 박경수, 황재균, 김민혁, 허도환, 심우준, 쿠에바스",7 , 2
20200627,롯데,"정훈, 전준우, 손아섭, 이대호, 한동희, 마차도, 안치홍, 김준태, 민병헌, 샘슨",삼성,"김상수, 박해민, 구자욱, 이학주, 이성곤, 김동엽, 김헌곤, 강민호, 김지찬, 백정현",6 , 1
20200628,두산,"허경민, 페르난데스, 오재일, 김재환, 최주환, 박세혁, 국해성, 정수빈, 권민석, 플렉센",NC,"박민우, 권희동, 강진성, 양의지, 박석민, 노진혁, 알테어, 김태진, 김성욱, 루친스키",5 , 0
20200628,키움,"서건창, 김혜성, 이정후, 박병호, 박동원, 허정협, 김규민, 전병우, 박준태, 최원태",KIA,"김호령, 김선빈, 터커, 최형우, 나지완, 유민상, 나주환, 한승택, 박찬호, 브룩스",0 , 1
20200628,SK,"김경호, 정진기, 최정, 로맥, 고종욱, 이재원, 최준우, 김성현, 최지훈, 김주한",LG,"이천웅, 오지환, 김현수, 라모스, 유강남, 김호은, 홍창기, 정주현, 장준원, 임찬규",4 , 0
20200628,한화,"이용규, 오선진, 정은원, 김태균, 이성열, 송광민, 최인호, 박상언, 정진호, 채드벨",KT,"배정대, 황재균, 로하스, 강백호, 유한준, 박경수, 장성우, 오태곤, 심우준, 데스파이네",8 , 4
20200628,롯데,"김재유, 손아섭, 전준우, 이대호, 김준태, 신본기, 안치홍, 마차도, 정훈, 박세웅",삼성,"김상수, 박해민, 구자욱, 이성곤, 김헌곤, 김동엽, 강민호, 김호재, 김지찬, 김대우",3 , 7
20200630,LG,"이천웅, 오지환, 김현수, 라모스, 채은성, 정근우, 홍창기, 유강남, 장준원, 이민호",KT,"배정대, 황재균, 로하스, 강백호, 유한준, 박경수, 김민혁, 장성우, 심우준, 김민수",3 , 4
20200630,키움,"서건창, 김혜성, 이정후, 박병호, 박동원, 허정협, 이지영, 전병우, 박준태, 이승호",두산,"허경민, 페르난데스, 오재일, 김재환, 최주환, 국해성, 정수빈, 정상호, 권민석, 유희관",2 , 11
20200630,삼성,"김상수, 구자욱, 김동엽, 이성곤, 강민호, 박해민, 이원석, 박승규, 김지찬, 최채흥",SK,"최지훈, 로맥, 최정, 정의윤, 남태혁, 김강민, 이재원, 최준우, 김성현, 박종훈",1 , 4
20200630,NC,"박민우, 권희동, 나성범, 양의지, 박석민, 알테어, 노진혁, 강진성, 이명기, 라이트",롯데,"손아섭, 전준우, 정훈, 이대호, 마차도, 김준태, 안치홍, 한동희, 민병헌, 김대우",10 , 8
20200701,LG,"이천웅, 오지환, 김현수, 라모스, 채은성, 홍창기, 유강남, 정주현, 장준원, 차우찬",KT,"배정대, 황재균, 로하스, 강백호, 유한준, 박경수, 오태곤, 장성우, 심우준, 배제성",11 , 5
20200701,키움,"서건창, 이지영, 이정후, 박병호, 박동원, 김하성, 김혜성, 허정협, 박준태, 한현희",두산,"박건우, 페르난데스, 오재일, 김재환, 최주환, 허경민, 오재원, 박세혁, 국해성, 이영하",14 , 5
20200701,삼성,"김상수, 구자욱, 이성곤, 이원석, 김헌곤, 김동엽, 박해민, 강민호, 김지찬, 뷰캐넌",SK,"김경호, 최지훈, 로맥, 최정, 채태인, 고종욱, 이재원, 최준우, 김성현, 문승원",1 , 7
20200701,KIA,"김선빈, 터커, 최형우, 나지완, 유민상, 김호령, 나주환, 한승택, 박찬호, 임기영",한화,"이용규, 정은원, 오선진, 김태균, 최인호, 송광민, 이성열, 최재훈, 정진호, 장시환",3 , 4
20200701,NC,"이명기, 권희동, 나성범, 양의지, 알테어, 박석민, 모창민, 노진혁, 김태진, 구창모",롯데,"민병헌, 김동한, 한동희, 정훈, 김재유, 허일, 마차도, 김준태, 신본기, 장원삼",2 , 6
20200702,LG,"이천웅, 오지환, 김현수, 라모스, 채은성, 정근우, 홍창기, 이성우, 장준원, 켈리",KT,"배정대, 황재균, 로하스, 강백호, 유한준, 박경수, 오태곤, 허도환, 심우준, 조병욱",4 , 3
20200702,키움,"서건창, 김하성, 이정후, 박병호, 박동원, 이지영, 김혜성, 전병우, 김규민, 조영건",두산,"박건우, 페르난데스, 오재일, 김재환, 최주환, 허경민, 오재원, 박세혁, 국해성, 박종기",7 , 10
20200702,삼성,"김상수, 박해민, 구자욱, 이원석, 이성곤, 김헌곤, 김동엽, 강민호, 김지찬, 원태인",SK,"최지훈, 고종욱, 로맥, 최정, 채태인, 김강민, 이재원, 최준우, 김성현, 이건욱",2 , 6
20200702,KIA,"김선빈, 터커, 최형우, 나지완, 유민상, 김호령, 나주환, 한승택, 박찬호, 이민우",한화,"이용규, 정은원, 오선진, 김태균, 최재훈, 강경학, 최인호, 송광민, 정진호, 서폴드",1 , 7
20200702,NC,"김태진, 이명기, 나성범, 알테어, 박석민, 권희동, 노진혁, 강진성, 김태군, 이재학",롯데,"정훈, 손아섭, 안치홍, 이대호, 전준우, 한동희, 민병헌, 정보근, 마차도, 스트레일리",7 , 9
20200703,두산,"박건우, 페르난데스, 오재일, 김재환, 최주환, 허경민, 오재원, 박세혁, 국해성, 알칸타라",한화,"이용규, 정은원, 김태균, 최진행, 최재훈, 오선진, 송광민, 유장혁, 정진호, 김범수",1 , 2
20200703,KT,"배정대, 황재균, 로하스, 문상철, 유한준, 강민국, 허도환, 김민혁, 심우준, 데스파이네",키움,"서건창, 김하성, 이정후, 박병호, 허정협, 박동원, 김혜성, 전병우, 박준태, 요키시",2 , 3
20200703,삼성,"김상수, 구자욱, 김동엽, 이성곤, 박해민, 최영진, 송준석, 강민호, 김지찬, 백정현",LG,"이천웅, 김현수, 채은성, 라모스, 유강남, 오지환, 정주현, 김용의, 장준원, 윌슨",7 , 9
20200703,롯데,"손아섭, 정훈, 전준우, 이대호, 마차도, 김준태, 안치홍, 한동희, 김재유, 샘슨",SK,"최지훈, 오준혁, 최정, 로맥, 채태인, 최준우, 이현석, 김성현, 김경호, 핀토",7 , 4
20200703,NC,"이명기, 권희동, 나성범, 알테어, 박석민, 노진혁, 강진성, 김태군, 김태진, 최성영",KIA,"김선빈, 터커, 최형우, 나지완, 유민상, 김호령, 나주환, 한승택, 박찬호, 가뇽",8 , 2
20200704,두산,"박건우, 페르난데스, 오재일, 김재환, 최주환, 허경민, 오재원, 박세혁, 정수빈, 플렉센",한화,"이용규, 정은원, 최진행, 김태균, 최재훈, 오선진, 정진호, 송광민, 장운호, 김민우",6 , 2
20200704,KT,"조용호, 황재균, 로하스, 강백호, 장성우, 배정대, 문상철, 천성호, 심우준, 쿠에바스",키움,"서건창, 김하성, 이정후, 박병호, 허정협, 박동원, 이지영, 김혜성, 박준태, 최원태",10 , 6
20200704,삼성,"김상수, 박해민, 구자욱, 이원석, 이성곤, 김동엽, 송준석, 김민수, 김지찬, 허윤동",LG,"이천웅, 정근우, 김현수, 라모스, 유강남, 채은성, 오지환, 홍창기, 구본혁, 임찬규",6 , 7
20200704,롯데,"정훈, 손아섭, 전준우, 이대호, 마차도, 한동희, 안치홍, 정보근, 민병헌, 서준원",SK,"최지훈, 오준혁, 최정, 로맥, 채태인, 최준우, 이현석, 유서준, 김재현, 김주한",4 , 10
20200704,NC,"김성욱, 권희동, 나성범, 양의지, 알테어, 박석민, 강진성, 김찬형, 지석훈, 루친스키",KIA,"김선빈, 터커, 최형우, 나지완, 유민상, 김호령, 나주환, 백용환, 박찬호, 양현종",2 , 9
20200705,두산,"허경민, 페르난데스, 박건우, 오재일, 김재환, 최주환, 김재호, 박세혁, 국해성, 유희관",한화,"이용규, 정은원, 최진행, 김태균, 노태형, 오선진, 정진호, 최재훈, 최인호, 채드벨",4 , 7
20200705,KT,"조용호, 황재균, 로하스, 강백호, 장성우, 박경수, 배정대, 강민국, 문상철, 김민수",키움,"서건창, 김하성, 이정후, 박병호, 허정협, 김혜성, 이지영, 김규민, 박준태, 이승호",5 , 10
20200705,삼성,"김상수, 박해민, 이학주, 이원석, 이성곤, 김동엽, 송준석, 강민호, 김지찬, 최채흥",LG,"이천웅, 김현수, 채은성, 라모스, 유강남, 오지환, 정주현, 홍창기, 구본혁, 정찬헌",7 , 3
20200705,롯데,"정훈, 손아섭, 전준우, 이대호, 김준태, 한동희, 안치홍, 마차도, 민병헌, 박세웅",SK,"최지훈, 오준혁, 최정, 로맥, 정의윤, 최준우, 이현석, 정현, 김성현, 박종훈",6 , 3
20200705,NC,"이명기, 권희동, 나성범, 알테어, 양의지, 박석민, 강진성, 노진혁, 김태진, 라이트",KIA,"김선빈, 터커, 최형우, 나지완, 유민상, 김호령, 나주환, 한승택, 박찬호, 브룩스",6 , 7
20200707,두산,"허경민, 페르난데스, 박건우, 김재환, 오재일, 최주환, 김재호, 박세혁, 정수빈, 이영하",LG,"이천웅, 김현수, 채은성, 라모스, 김호은, 오지환, 유강남, 백승현, 정주현, 차우찬",6 , 9
20200707,키움,"서건창, 김하성, 이정후, 박병호, 허정협, 박동원, 김혜성, 전병우, 박준태, 김재웅",삼성,"김상수, 최영진, 구자욱, 이원석, 이학주, 김동엽, 박해민, 강민호, 박승규, 뷰캐넌",13 , 2
20200707,SK,"최지훈, 김강민, 최정, 로맥, 정의윤, 이현석, 최준우, 김성현, 오준혁, 문승원",NC,"이명기, 권희동, 나성범, 양의지, 알테어, 박석민, 노진혁, 강진성, 김태진, 구창모",5 , 4
20200707,한화,"이용규, 최진행, 노태형, 김태균, 정은원, 오선진, 정진호, 최재훈, 유장혁, 장시환",롯데,"정훈, 손아섭, 전준우, 이대호, 김준태, 한동희, 안치홍, 마차도, 민병헌, 장원삼",6 , 7
20200707,KIA,"이창진, 터커, 최형우, 나지완, 유민상, 나주환, 한승택, 박찬호, 김규성, 임기영",KT,"조용호, 황재균, 로하스, 강백호, 유한준, 배정대, 박경수, 장성우, 심우준, 배제성",8 , 2
20200708,두산,"허경민, 페르난데스, 박건우, 김재환, 오재일, 최주환, 김재호, 박세혁, 정수빈, 박종기",LG,"이천웅, 홍창기, 김현수, 라모스, 김호은, 오지환, 유강남, 백승현, 정주현, 켈리",8 , 5
20200708,키움,"김혜성, 전병우, 서건창, 이정후, 이지영, 김규민, 김주형, 박준태, 박정음, 문성현",삼성,"김상수, 박해민, 구자욱, 이원석, 이학주, 김동엽, 송준석, 강민호, 최영진, 원태인",6 , 7
20200708,SK,"최지훈, 오준혁, 정의윤, 로맥, 채태인, 최준우, 윤석민, 이현석, 김성현, 이건욱",NC,"박민우, 이명기, 나성범, 알테어, 박석민, 노진혁, 모창민, 강진성, 김태군, 이재학",2 , 3
20200708,한화,"정은원, 최진행, 하주석, 김태균, 노태형, 오선진, 정진호, 박상언, 김지수, 서폴드",롯데,"정훈, 손아섭, 전준우, 이대호, 마차도, 안치홍, 한동희, 정보근, 민병헌, 스트레일리",6 , 2
20200708,KIA,"이창진, 터커, 최형우, 나지완, 유민상, 나주환, 한승택, 박찬호, 김규성, 이민우",KT,"조용호, 황재균, 로하스, 강백호, 유한준, 배정대, 박경수, 장성우, 심우준, 데스파이네",7 , 4
20200709,두산,"박건우, 페르난데스, 오재일, 김재환, 최주환, 허경민, 박세혁, 김재호, 정수빈, 알칸타라",LG,"이천웅, 홍창기, 김현수, 라모스, 채은성, 오지환, 유강남, 백승현, 정주현, 윌슨",0 , 6
20200709,키움,"서건창, 김하성, 이정후, 박병호, 이지영, 박동원, 김혜성, 전병우, 박준태, 요키시",삼성,"김상수, 구자욱, 김동엽, 이원석, 이학주, 최영진, 강민호, 박승규, 박해민, 백정현",2 , 4
20200709,SK,"최지훈, 김강민, 윤석민, 로맥, 정의윤, 최준우, 이거연, 이현석, 김성현, 핀토",NC,"박민우, 권희동, 나성범, 양의지, 알테어, 노진혁, 모창민, 김태진, 김성욱, 최성영",8 , 2
20200709,한화,"이용규, 정은원, 하주석, 김태균, 최진행, 강경학, 오선진, 최재훈, 유장혁, 김범수",롯데,"정훈, 전준우, 손아섭, 이대호, 한동희, 안치홍, 마차도, 김준태, 민병헌, 샘슨",5 , 3
20200709,KIA,"김호령, 터커, 최형우, 나지완, 유민상, 최정용, 백용환, 나주환, 박찬호, 가뇽",KT,"조용호, 황재균, 로하스, 강백호, 유한준, 배정대, 천성호, 허도환, 심우준, 조병욱",4 , 10
20200710,LG,"이천웅, 김현수, 이형종, 라모스, 채은성, 정근우, 오지환, 이성우, 백승현, 임찬규",NC,"박민우, 권희동, 나성범, 양의지, 박석민, 노진혁, 알테어, 강진성, 김성욱, 루친스키",12 , 2
20200710,KT,"배정대, 황재균, 로하스, 강백호, 유한준, 박경수, 장성우, 김민혁, 심우준, 쿠에바스",삼성,"김상수, 살라디노, 이학주, 이원석, 이성곤, 김동엽, 송준석, 김민수, 박해민, 허윤동",3 , 8
20200710,한화,"이용규, 오선진, 하주석, 김태균, 최진행, 정은원, 최재훈, 강경학, 장운호, 김민우",SK,"최지훈, 오준혁, 최정, 로맥, 채태인, 최준우, 김성현, 이현석, 김경호, 김주한",5 , 6
20200710,KIA,"이창진, 터커, 최형우, 나지완, 유민상, 박찬호, 나주환, 한승택, 최정용, 양현종",키움,"서건창, 김하성, 이정후, 박병호, 이지영, 허정협, 박동원, 전병우, 박준태, 최원태",8 , 9
20200710,롯데,"안치홍, 손아섭, 전준우, 이대호, 정훈, 한동희, 신본기, 정보근, 민병헌, 서준원",두산,"박건우, 페르난데스, 오재일, 김재환, 최주환, 오재원, 허경민, 박세혁, 국해성, 플렉센",10 , 5
20200711,LG,"이천웅, 김현수, 이형종, 라모스, 유강남, 채은성, 오지환, 정주현, 백승현, 이민호",NC,"박민우, 권희동, 박석민, 양의지, 알테어, 노진혁, 강진성, 모창민, 김성욱, 라이트",6 , 6
20200711,KT,"조용호, 황재균, 로하스, 강백호, 유한준, 배정대, 박경수, 장성우, 심우준, 소형준",삼성,"박해민, 살라디노, 이학주, 이원석, 이성곤, 김동엽, 박승규, 강민호, 김지찬, 최채흥",7 , 10
20200711,한화,"이용규, 정진호, 하주석, 최진행, 강경학, 김태균, 정은원, 최재훈, 노태형, 김진욱",SK,"최지훈, 오준혁, 최정, 로맥, 채태인, 최준우, 김강민, 이현석, 김성현, 박종훈",5 , 3
20200711,KIA,"이창진, 터커, 최형우, 나지완, 황대인, 나주환, 박찬호, 백용환, 김규성, 브룩스",키움,"서건창, 김하성, 이정후, 박병호, 이지영, 박동원, 김혜성, 허정협, 박준태, 이승호",3 , 8
20200711,롯데,"정훈, 손아섭, 전준우, 이대호, 한동희, 김준태, 안치홍, 마차도, 민병헌, 박세웅",두산,"박건우, 페르난데스, 오재일, 김재환, 최주환, 오재원, 박세혁, 김재호, 정수빈, 유희관",4 , 5
20200714,두산,"박건우, 페르난데스, 오재일, 김재환, 최주환, 허경민, 오재원, 박세혁, 정수빈, 이영하",SK,"최지훈, 최준우, 최정, 채태인, 한동민, 윤석민, 정진기, 이현석, 김성현, 이건욱",12 , 7
20200714,키움,"서건창, 김하성, 이정후, 박병호, 박동원, 이지영, 허정협, 전병우, 박준태, 브리검",NC,"박민우, 이명기, 권희동, 알테어, 박석민, 노진혁, 강진성, 김태군, 김성욱, 이재학",1 , 5
20200714,KT,"조용호, 황재균, 로하스, 강백호, 유한준, 배정대, 박경수, 장성우, 심우준, 데스파이네",한화,"이용규, 정은원, 김태균, 최진행, 하주석, 오선진, 임종찬, 최재훈, 유장혁, 서폴드",2 , 7
20200714,삼성,"김상수, 박해민, 구자욱, 살라디노, 이성곤, 이원석, 이학주, 강민호, 이성규, 뷰캐넌",KIA,"이창진, 터커, 유민상, 나지완, 김민식, 나주환, 오선우, 박찬호, 최정용, 이민우",0 , 5
20200714,롯데,"손아섭, 전준우, 정훈, 이대호, 한동희, 마차도, 안치홍, 정보근, 민병헌, 스트레일리",LG,"이천웅, 김현수, 이형종, 라모스, 채은성, 오지환, 유강남, 정주현, 구본혁, 켈리",0 , 5
20200715,두산,"박건우, 페르난데스, 오재일, 김재환, 최주환, 허경민, 박세혁, 김재호, 정수빈, 알칸타라",SK,"최지훈, 최준우, 최정, 채태인, 한동민, 윤석민, 정진기, 이현석, 정현, 핀토",2 , 7
20200715,키움,"서건창, 김하성, 이정후, 박병호, 박동원, 허정협, 전병우, 김혜성, 박준태, 요키시",NC,"박민우, 김성욱, 권희동, 양의지, 알테어, 박석민, 노진혁, 모창민, 강진성, 최성영",4 , 7
20200715,KT,"조용호, 황재균, 로하스, 강백호, 유한준, 배정대, 박경수, 장성우, 심우준, 김민수",한화,"이용규, 하주석, 김태균, 최진행, 이해창, 강경학, 김지수, 박정현, 임종찬, 김범수",7 , 3
20200715,삼성,"김상수, 구자욱, 살라디노, 이성곤, 이원석, 박해민, 이학주, 강민호, 이성규, 백정현",KIA,"김호령, 터커, 최형우, 나지완, 황대인, 나주환, 박찬호, 한승택, 최정용, 가뇽",5 , 2
20200715,롯데,"정훈, 손아섭, 전준우, 이대호, 마차도, 김준태, 안치홍, 한동희, 민병헌, 샘슨",LG,"이천웅, 오지환, 김현수, 라모스, 이형종, 홍창기, 유강남, 정주현, 백승현, 윌슨",9 , 3
20200716,두산,"박건우, 페르난데스, 오재일, 김재환, 최주환, 허경민, 오재원, 박세혁, 정수빈, 플렉센",SK,"최지훈, 최준우, 최정, 한동민, 윤석민, 로맥, 정진기, 이현석, 김성현, 백승건",2 , 4
20200716,키움,"서건창, 김하성, 이정후, 박병호, 허정협, 이지영, 전병우, 김혜성, 박준태, 문성현",NC,"김준완, 이명기, 박민우, 양의지, 알테어, 박석민, 노진혁, 모창민, 강진성, 루친스키",9 , 1
20200716,KT,"조용호, 황재균, 로하스, 강백호, 유한준, 배정대, 박경수, 장성우, 심우준, 쿠에바스",한화,"이용규, 정은원, 김태균, 최진행, 이해창, 강경학, 김지수, 임종찬, 오선진, 김민우",1 , 4
20200716,삼성,"김상수, 구자욱, 김동엽, 이원석, 최영진, 이학주, 박승규, 김민수, 박해민, 허윤동",KIA,"이창진, 터커, 최형우, 나지완, 황대인, 나주환, 박찬호, 한승택, 김규성, 양현종",7 , 8
20200716,롯데,"정훈, 한동희, 손아섭, 이대호, 전준우, 안치홍, 마차도, 김준태, 민병헌, 장원삼",LG,"이천웅, 오지환, 김현수, 라모스, 이형종, 유강남, 홍창기, 정주현, 손호영, 정찬헌",10 , 15
20200717,LG,"이천웅, 오지환, 김현수, 라모스, 이형종, 김호은, 손호영, 이성우, 정주현, 임찬규",한화,"이용규, 강경학, 김태균, 최진행, 하주석, 김지수, 임종찬, 최재훈, 정은원, 김진욱",0 , 8
20200717,SK,"최지훈, 최준우, 최정, 로맥, 윤석민, 김강민, 고종욱, 이현석, 김성현, 김주한",키움,"서건창, 김하성, 이정후, 박병호, 이지영, 김혜성, 전병우, 박주홍, 박준태, 이승호",9 , 12
20200717,삼성,"김상수, 구자욱, 김동엽, 이원석, 이성곤, 이성규, 박해민, 강민호, 김지찬, 최채흥",롯데,"정훈, 한동희, 손아섭, 이대호, 전준우, 안치홍, 민병헌, 정보근, 마차도, 서준원",10 , 15
20200717,KIA,"이창진, 터커, 최형우, 나지완, 유민상, 나주환, 백용환, 박찬호, 김규성, 브룩스",두산,"정수빈, 페르난데스, 오재일, 김재환, 최주환, 허경민, 오재원, 박세혁, 국해성, 유희관",2 , 4
20200717,NC,"이명기, 박민우, 나성범, 양의지, 알테어, 권희동, 노진혁, 강진성, 지석훈, 라이트",KT,"조용호, 황재균, 로하스, 강백호, 유한준, 배정대, 장성우, 박승욱, 심우준, 소형준",3 , 3
20200718,LG,"홍창기, 오지환, 김현수, 라모스, 이형종, 김호은, 유강남, 정주현, 구본혁, 차우찬",한화,"이용규, 정은원, 김태균, 반즈, 최진행, 이해창, 하주석, 유장혁, 오선진, 장시환",1 , 3
20200718,SK,"최지훈, 최준우, 한동민, 로맥, 채태인, 오준혁, 고종욱, 이현석, 김성현, 박종훈",키움,"서건창, 김혜성, 이정후, 박병호, 김하성, 전병우, 박주홍, 주효상, 박준태, 한현희",4 , 1
20200718,삼성,"김상수, 구자욱, 이학주, 이원석, 이성곤, 이성규, 박해민, 강민호, 박찬도, 라이블리",롯데,"정훈, 한동희, 손아섭, 전준우, 허일, 안치홍, 민병헌, 김준태, 마차도, 박세웅",2 , 5
20200718,KIA,"이창진, 터커, 최형우, 유민상, 김민식, 오선우, 나주환, 박찬호, 김규성, 김기훈",두산,"박건우, 페르난데스, 오재일, 김재환, 허경민, 오재원, 박세혁, 정수빈, 이유찬, 최원준",6 , 0
20200718,NC,"박민우, 이명기, 나성범, 양의지, 박석민, 강진성, 노진혁, 알테어, 권희동, 구창모",KT,"황재균, 강백호, 로하스, 유한준, 박경수, 배정대, 오태곤, 허도환, 심우준, 조병욱",1 , 6
20200719,LG,"홍창기, 오지환, 이형종, 김현수, 김민성, 김호은, 유강남, 이재원, 정주현, 켈리",한화,"이용규, 유장혁, 하주석, 반즈, 강경학, 김태균, 임종찬, 이해창, 정은원, 서폴드",2 , 6
20200719,SK,"최지훈, 최준우, 최정, 로맥, 한동민, 고종욱, 김강민, 이현석, 김성현, 문승원",키움,"서건창, 김하성, 이정후, 박병호, 허정협, 이지영, 전병우, 김혜성, 박준태, 브리검",3 , 4
20200719,삼성,"김상수, 김지찬, 구자욱, 이성곤, 이학주, 이성규, 박해민, 강민호, 박승규, 뷰캐넌",롯데,"손아섭, 한동희, 정훈, 이대호, 전준우, 마차도, 안치홍, 정보근, 김재유, 스트레일리",2 , 1
20200719,KIA,"이창진, 터커, 최형우, 나지완, 김민식, 유민상, 나주환, 박찬호, 김규성, 이민우",두산,"박건우, 페르난데스, 오재일, 김재환, 최주환, 허경민, 오재원, 정상호, 정수빈, 이영하",8 , 4
20200719,NC,"박민우, 이명기, 나성범, 양의지, 박석민, 강진성, 노진혁, 알테어, 김태군, 이재학",KT,"김민혁, 황재균, 로하스, 강백호, 유한준, 박승욱, 배정대, 허도환, 천성호, 데스파이네",2 , 8
20200721,두산,"박건우, 페르난데스, 오재일, 김재환, 최주환, 허경민, 박세혁, 오재원, 정수빈, 알칸타라",키움,"서건창, 김하성, 이정후, 박병호, 허정협, 이지영, 김혜성, 전병우, 박준태, 요키시",1 , 6
20200721,SK,"최지훈, 최준우, 최정, 로맥, 채태인, 한동민, 고종욱, 이현석, 김성현, 핀토",롯데,"손아섭, 한동희, 전준우, 이대호, 정훈, 마차도, 안치홍, 김준태, 김재유, 샘슨",7 , 8
20200721,KT,"김민혁, 황재균, 로하스, 강백호, 유한준, 배정대, 박경수, 장성우, 박승욱, 배제성",LG,"홍창기, 오지환, 김현수, 라모스, 이형종, 김민성, 김호은, 유강남, 정주현, 윌슨",9 , 10
20200721,한화,"이용규, 정은원, 하주석, 반즈, 최진행, 강경학, 김태균, 김지수, 최재훈, 김범수",KIA,"이창진, 터커, 최형우, 나지완, 황대인, 나주환, 박찬호, 한승택, 김규성, 가뇽",10 , 2
20200721,NC,"박민우, 권희동, 나성범, 양의지, 박석민, 강진성, 모창민, 알테어, 김찬형, 최성영",삼성,"김상수, 구자욱, 김동엽, 이원석, 최영진, 이학주, 박승규, 강민호, 박해민, 백정현",5 , 6
20200722,한화,"이용규, 최진행, 반즈, 김태균, 정은원, 이해창, 하주석, 유장혁, 박정현, 김민우",KIA,"이창진, 터커, 최형우, 나지완, 김민식, 유민상, 나주환, 박찬호, 김규성, 양현종",2 , 1
20200811,LG,"홍창기, 오지환, 채은성, 김현수, 김민성, 라모스, 이형종, 유강남, 정주현, 정찬헌",KIA,"김선빈, 터커, 최형우, 나지완, 김민식, 유민상, 나주환, 최원준, 박찬호, 양현종",8 , 4
20200811,키움,"서건창, 김하성, 러셀, 이정후, 박병호, 허정협, 김혜성, 주효상, 박준태, 최원태",한화,"이용규, 노수광, 하주석, 최진행, 반즈, 김태균, 강경학, 이해창, 정은원, 서폴드",7 , 5
20200811,KT,"조용호, 황재균, 로하스, 강백호, 유한준, 배정대, 박경수, 장성우, 심우준, 소형준",SK,"최지훈, 한동민, 최정, 채태인, 로맥, 최준우, 김강민, 이흥련, 김성현, 핀토",1 , 6
20200811,삼성,"박해민, 박승규, 구자욱, 강민호, 이성곤, 김헌곤, 박계범, 김지찬, 김호재, 원태인",두산,"박건우, 페르난데스, 오재일, 김재환, 최주환, 허경민, 박세혁, 김재호, 정수빈, 유희관",6 , 1
20200812,LG,"홍창기, 오지환, 채은성, 김현수, 이형종, 라모스, 김민성, 유강남, 정주현, 임찬규",KIA,"김호령, 터커, 최형우, 나지완, 유민상, 한승택, 나주환, 박찬호, 김규성, 브룩스",0 , 8
20200812,키움,"서건창, 김하성, 이정후, 러셀, 박병호, 김혜성, 전병우, 주효상, 박준태, 한현희",한화,"이용규, 노수광, 하주석, 김태균, 강경학, 반즈, 임종찬, 최재훈, 정기훈, 김민우",2 , 3
20200812,KT,"조용호, 황재균, 로하스, 강백호, 유한준, 배정대, 박경수, 장성우, 심우준, 쿠에바스",SK,"최지훈, 최항, 최정, 채태인, 한동민, 로맥, 오준혁, 이재원, 김성현, 박종훈",11 , 2
20200812,삼성,"박해민, 박승규, 구자욱, 강민호, 김동엽, 김헌곤, 김지찬, 박계범, 이성규, 최채흥",두산,"박건우, 페르난데스, 오재일, 김재환, 최주환, 허경민, 김재호, 정수빈, 최용제, 최원준",15 , 8
20200812,롯데,"정훈, 손아섭, 전준우, 이대호, 한동희, 마차도, 안치홍, 정보근, 민병헌, 스트레일리",NC,"이명기, 나성범, 알테어, 양의지, 박석민, 노진혁, 모창민, 이원재, 지석훈, 루친스키",4 , 8
20200813,LG,"홍창기, 오지환, 채은성, 김현수, 김민성, 라모스, 유강남, 장준원, 정주현, 켈리",KIA,"최원준, 터커, 최형우, 김민식, 유민상, 나주환, 오선우, 박찬호, 김규성, 이민우",2 , 4
20200813,키움,"서건창, 김하성, 이정후, 러셀, 박병호, 허정협, 이지영, 김혜성, 박준태, 브리검",한화,"이용규, 강경학, 노수광, 최진행, 하주석, 최재훈, 임종찬, 노시환, 정은원, 박주홍",3 , 6
20200813,KT,"조용호, 황재균, 로하스, 강백호, 유한준, 배정대, 박경수, 장성우, 심우준, 배제성",SK,"최지훈, 최항, 최정, 한동민, 로맥, 오준혁, 이흥련, 김성현, 김재현, 이건욱",10 , 6
20200813,삼성,"박해민, 박승규, 구자욱, 이원석, 김헌곤, 강민호, 김지찬, 박계범, 이성규, 라이블리",두산,"박건우, 페르난데스, 오재일, 김재환, 최주환, 박세혁, 정수빈, 오재원, 이유찬, 이영하",2 , 3
20200813,롯데,"정훈, 손아섭, 전준우, 이대호, 한동희, 마차도, 안치홍, 민병헌, 김준태, 샘슨",NC,"이명기, 나성범, 알테어, 양의지, 박석민, 모창민, 노진혁, 권희동, 지석훈, 신민혁",9 , 2
20200814,두산,"박건우, 정수빈, 페르난데스, 김재환, 최주환, 허경민, 박세혁, 김재호, 오재원, 알칸타라",KT,"배정대, 황재균, 로하스, 강백호, 유한준, 장성우, 김민혁, 박승욱, 심우준, 데스파이네",5 , 3
20200814,한화,"이용규, 노수광, 하주석, 최진행, 김태균, 정은원, 오선진, 이해창, 임종찬, 장시환",삼성,"박해민, 구자욱, 김헌곤, 이원석, 이성곤, 강민호, 박계범, 김지찬, 박승규, 뷰캐넌",10 , 1
20200814,KIA,"최원준, 터커, 최형우, 나지완, 유민상, 한승택, 나주환, 홍종표, 김규성, 가뇽",SK,"최지훈, 오태곤, 최정, 한동민, 로맥, 오준혁, 최준우, 이흥련, 김성현, 문승원",6 , 7
20200814,롯데,"정훈, 손아섭, 전준우, 이대호, 한동희, 마차도, 안치홍, 민병헌, 김준태, 박세웅",키움,"서건창, 김하성, 이정후, 러셀, 김웅빈, 김혜성, 전병우, 주효상, 송우현, 양현",1 , 5
20200814,NC,"이명기, 권희동, 나성범, 알테어, 양의지, 박석민, 모창민, 박준영, 지석훈, 라이트",LG,"홍창기, 신민재, 채은성, 김현수, 이형종, 라모스, 김민성, 이성우, 구본혁, 김윤식",10 , 4
20200815,두산,"박건우, 정수빈, 오재일, 김재환, 페르난데스, 최주환, 허경민, 김재호, 최용제, 이승진",KT,"조용호, 김민혁, 로하스, 강백호, 황재균, 배정대, 이홍구, 박승욱, 심우준, 김민수",5 , 7
20200815,한화,"이용규, 노수광, 하주석, 김태균, 강경학, 최재훈, 임종찬, 노시환, 유장혁, 채드벨",삼성,"박해민, 김헌곤, 구자욱, 이원석, 김동엽, 박계범, 김지찬, 김도환, 박승규, 윤성환",2 , 0
20200815,KIA,"최원준, 터커, 최형우, 나지완, 유민상, 김민식, 나주환, 박찬호, 김규성, 김기훈",SK,"오태곤, 김강민, 최정, 채태인, 로맥, 한동민, 이재원, 최준우, 유서준, 김주한",3 , 10
20200815,롯데,"정훈, 손아섭, 전준우, 이대호, 한동희, 마차도, 안치홍, 민병헌, 김준태, 노경은",키움,"김혜성, 김하성, 이정후, 러셀, 김웅빈, 허정협, 이지영, 전병우, 박준태, 이승호",3 , 1
20200815,NC,"이명기, 나성범, 알테어, 양의지, 박석민, 이원재, 지석훈, 김태군, 박준영, 이재학",LG,"홍창기, 오지환, 채은성, 김현수, 김민성, 라모스, 이형종, 유강남, 정주현, 윌슨",13 , 4
20200816,두산,"박건우, 정수빈, 페르난데스, 김재환, 국해성, 허경민, 김재호, 최용제, 이유찬, 유희관",KT,"조용호, 황재균, 로하스, 강백호, 유한준, 배정대, 장성우, 강민국, 박승욱, 소형준",4 , 1
20200816,한화,"이용규, 강경학, 노수광, 최진행, 송광민, 최재훈, 오선진, 임종찬, 노시환, 서폴드",삼성,"박해민, 구자욱, 김동엽, 이원석, 강민호, 김헌곤, 박계범, 김지찬, 이성규, 원태인",2 , 3
20200816,KIA,"최원준, 유민상, 최형우, 나지완, 김민식, 나주환, 오선우, 박찬호, 김규성, 양현종",SK,"최지훈, 오태곤, 최정, 채태인, 로맥, 김강민, 이흥련, 김성현, 최준우, 핀토",5 , 8
20200816,롯데,"정훈, 손아섭, 전준우, 이대호, 한동희, 마차도, 안치홍, 정보근, 김재유, 서준원",키움,"서건창, 김웅빈, 이정후, 러셀, 전병우, 김혜성, 송우현, 주효상, 박준태, 최원태",6 , 3
20200816,NC,"이명기, 권희동, 나성범, 양의지, 박석민, 이원재, 알테어, 노진혁, 이상호, 최성영",LG,"이형종, 오지환, 채은성, 김현수, 김민성, 라모스, 유강남, 장준원, 정주현, 이민호",6 , 5
20200819,NC,"이명기, 권희동, 나성범, 양의지, 모창민, 노진혁, 알테어, 최정원, 지석훈, 신민혁",키움,"서건창, 김하성, 이정후, 러셀, 박병호, 허정협, 이지영, 김혜성, 박준태, 브리검",6 , 4
20200820,두산,"박건우, 정수빈, 페르난데스, 김재환, 최주환, 김재호, 김인태, 이유찬, 정상호, 알칸타라",롯데,"정훈, 손아섭, 전준우, 이대호, 한동희, 마차도, 안치홍, 민병헌, 김준태, 박세웅",6 , 5
20200820,키움,"서건창, 김하성, 이정후, 러셀, 박동원, 김웅빈, 허정협, 전병우, 김혜성, 요키시",LG,"홍창기, 오지환, 채은성, 김현수, 이형종, 라모스, 유강남, 장준원, 정주현, 김윤식",5 , 6
20200820,SK,"고종욱, 최항, 최정, 채태인, 한동민, 로맥, 이흥련, 김성현, 최지훈, 백승건",삼성,"박해민, 구자욱, 김동엽, 강민호, 김헌곤, 박계범, 이학주, 김지찬, 이성규, 뷰캐넌",8 , 3
20200820,한화,"이용규, 노수광, 강경학, 최진행, 하주석, 송광민, 최인호, 이해창, 오선진, 장시환",KT,"조용호, 황재균, 로하스, 유한준, 배정대, 천성호, 박승욱, 이홍구, 심우준, 배제성",3 , 0
20200820,KIA,"최원준, 터커, 최형우, 나지완, 김민식, 유민상, 홍종표, 김호령, 김규성, 가뇽",NC,"이명기, 최정원, 나성범, 양의지, 강진성, 노진혁, 알테어, 김태군, 지석훈, 라이트",14 , 2
20200821,두산,"박건우, 정수빈, 페르난데스, 김재환, 최주환, 김재호, 김인태, 이유찬, 최용제, 이승진",롯데,"정훈, 한동희, 전준우, 이대호, 마차도, 안치홍, 민병헌, 김준태, 김재유, 노경은",0 , 1
20200821,키움,"서건창, 김하성, 이정후, 러셀, 김웅빈, 김혜성, 이지영, 송우현, 변상권, 이승호",LG,"홍창기, 오지환, 채은성, 김현수, 이형종, 라모스, 유강남, 장준원, 정주현, 윌슨",7 , 3
20200821,SK,"최지훈, 고종욱, 최정, 한동민, 로맥, 최항, 오태곤, 이흥련, 김성현, 문승원",삼성,"박해민, 김헌곤, 구자욱, 김동엽, 박계범, 이성규, 이학주, 김도환, 김지찬, 윤성환",6 , 8
20200821,한화,"이용규, 노수광, 송광민, 반즈, 최재훈, 강경학, 오선진, 임종찬, 노시환, 채드벨",KT,"조용호, 황재균, 로하스, 강백호, 유한준, 배정대, 장성우, 강민국, 심우준, 김민수",1 , 5
20200821,KIA,"최원준, 터커, 최형우, 나지완, 황대인, 한승택, 홍종표, 고장혁, 박찬호, 임기영",NC,"이명기, 최정원, 나성범, 양의지, 이원재, 노진혁, 알테어, 김성욱, 지석훈, 송명기",10 , 4
20200822,키움,"서건창, 김하성, 이정후, 러셀, 김웅빈, 허정협, 박동원, 전병우, 박준태, 김태훈",KIA,"최원준, 터커, 최형우, 나지완, 김민식, 유민상, 홍종표, 박찬호, 김규성, 양현종",3 , 4
20200822,SK,"최지훈, 고종욱, 최정, 한동민, 로맥, 최항, 오태곤, 이흥련, 김성현, 핀토",두산,"박건우, 페르난데스, 오재일, 김재환, 최주환, 김재호, 정수빈, 이유찬, 최용제, 김민규",8 , 1
20200822,삼성,"박해민, 김지찬, 구자욱, 강민호, 이성곤, 김헌곤, 김동엽, 이학주, 박계범, 원태인",롯데,"정훈, 안치홍, 전준우, 이대호, 한동희, 민병헌, 신본기, 김재유, 정보근, 서준원",5 , 3
20200823,LG,"홍창기, 오지환, 채은성, 김현수, 이형종, 라모스, 유강남, 장준원, 정주현, 임찬규",한화,"이용규, 강경학, 송광민, 반즈, 하주석, 최진행, 최재훈, 최인호, 노수광, 김민우",4 , 3
20200823,키움,"서건창, 김하성, 이정후, 러셀, 김웅빈, 허정협, 김혜성, 주효상, 박준태, 한현희",KIA,"최원준, 터커, 최형우, 나지완, 김민식, 유민상, 박찬호, 고장혁, 김규성, 브룩스",8 , 7
20200823,SK,"최지훈, 고종욱, 최정, 한동민, 로맥, 화이트, 최항, 이흥련, 김성현, 박종훈",두산,"정수빈, 페르난데스, 오재일, 김재환, 최주환, 박건우, 김재호, 이유찬, 최용제, 최원준",8 , 1
20200823,KT,"김민혁, 황재균, 로하스, 강백호, 유한준, 배정대, 장성우, 박승욱, 심우준, 소형준",NC,"이명기, 박민우, 나성범, 양의지, 모창민, 노진혁, 알테어, 김형준, 지석훈, 최성영",1 , 10
20200823,삼성,"박해민, 김상수, 구자욱, 팔카, 강민호, 이원석, 박찬도, 박계범, 김지찬, 최채흥",롯데,"정훈, 마차도, 전준우, 이대호, 한동희, 신용수, 신본기, 민병헌, 정보근, 스트레일리",11 , 0
20200825,두산,"박건우, 정수빈, 페르난데스, 오재일, 최주환, 김재환, 김재호, 박세혁, 이유찬, 이영하",KIA,"최원준, 터커, 최형우, 나지완, 김민식, 유민상, 박찬호, 고장혁, 김규성, 이민우",8 , 10
20200825,KT,"조용호, 황재균, 로하스, 강백호, 유한준, 배정대, 장성우, 박승욱, 심우준, 데스파이네",키움,"서건창, 김하성, 이정후, 김웅빈, 허정협, 이지영, 김혜성, 전병우, 변상권, 브리검",4 , 1
20200825,삼성,"김상수, 구자욱, 팔카, 이원석, 박해민, 강민호, 김헌곤, 박계범, 김지찬, 라이블리",LG,"홍창기, 오지환, 채은성, 김현수, 이형종, 라모스, 유강남, 손호영, 정주현, 켈리",3 , 4
20200825,롯데,"정훈, 손아섭, 전준우, 이대호, 한동희, 마차도, 안치홍, 김재유, 정보근, 샘슨",SK,"최지훈, 화이트, 최정, 한동민, 로맥, 고종욱, 최항, 이재원, 김성현, 이건욱",10 , 8
20200825,NC,"박민우, 이명기, 나성범, 양의지, 강진성, 노진혁, 김성욱, 알테어, 박준영, 신민혁",한화,"이용규, 노수광, 반즈, 이성열, 강경학, 노시환, 하주석, 최인호, 최재훈, 서폴드",3 , 11
20200826,두산,"정수빈, 페르난데스, 오재일, 김재환, 최주환, 박건우, 김재호, 박세혁, 이유찬, 알칸타라",KIA,"최원준, 터커, 최형우, 나지완, 유민상, 한승택, 홍종표, 박찬호, 김규성, 가뇽",7 , 5
20200826,KT,"조용호, 황재균, 로하스, 강백호, 유한준, 배정대, 박승욱, 이홍구, 심우준, 배제성",키움,"서건창, 김하성, 이정후, 러셀, 허정협, 이지영, 전병우, 김웅빈, 김혜성, 김재웅",5 , 6
20200826,삼성,"김상수, 구자욱, 팔카, 이원석, 박해민, 강민호, 김헌곤, 김지찬, 이성규, 허윤동",LG,"홍창기, 오지환, 채은성, 김현수, 이형종, 라모스, 유강남, 손호영, 정주현, 이민호",8 , 5
20200826,롯데,"정훈, 한동희, 전준우, 이대호, 마차도, 안치홍, 신본기, 김준태, 신용수, 박세웅",SK,"최지훈, 김경호, 최정, 한동민, 로맥, 채태인, 최항, 이재원, 김성민, 백승건",1 , 3
20200826,NC,"박민우, 이명기, 나성범, 양의지, 강진성, 노진혁, 권희동, 알테어, 박준영, 라이트",한화,"이용규, 노수광, 반즈, 최진행, 하주석, 노시환, 강경학, 임종찬, 이해창, 장시환",5 , 9
20200827,LG,"홍창기, 오지환, 박용택, 김현수, 이형종, 라모스, 정근우, 유강남, 손호영, 김윤식",KT,"조용호, 황재균, 로하스, 강백호, 유한준, 배정대, 장성우, 박승욱, 심우준, 김민수",0 , 2
20200827,SK,"최지훈, 고종욱, 최정, 채태인, 로맥, 한동민, 최항, 이재원, 김성현, 문승원",KIA,"최원준, 터커, 최형우, 나지완, 김민식, 유민상, 홍종표, 박찬호, 김규성, 임기영",4 , 10
20200827,한화,"이용규, 노수광, 송광민, 이성열, 노시환, 하주석, 반즈, 노태형, 최재훈, 채드벨",삼성,"김상수, 박승규, 팔카, 이원석, 김동엽, 김헌곤, 강민호, 김지찬, 김호재, 김대우",0 , 7
20200827,롯데,"정훈, 손아섭, 전준우, 마차도, 한동희, 안치홍, 허일, 김준태, 김재유, 노경은",키움,"서건창, 김하성, 러셀, 허정협, 전병우, 박동원, 김혜성, 김규민, 변상권, 김태훈",11 , 6
20200827,NC,"박민우, 이명기, 나성범, 양의지, 강진성, 박석민, 노진혁, 알테어, 김준완, 송명기",두산,"박건우, 페르난데스, 오재일, 김재환, 최주환, 정수빈, 최용제, 이유찬, 서예일, 이승진",2 , 8
20200828,LG,"홍창기, 김호은, 라모스, 김현수, 이형종, 양석환, 유강남, 구본혁, 정주현, 윌슨",KT,"김민혁, 황재균, 로하스, 강백호, 유한준, 배정대, 장성우, 강민국, 박승욱, 소형준",5 , 6
20200828,SK,"최지훈, 오태곤, 최정, 정의윤, 로맥, 김강민, 이흥련, 최항, 김성현, 핀토",KIA,"최원준, 터커, 최형우, 나지완, 유민상, 김민식, 박찬호, 황윤호, 홍종표, 양현종",11 , 8
20200828,롯데,"정훈, 손아섭, 전준우, 이대호, 한동희, 마차도, 안치홍, 정보근, 신본기, 서준원",키움,"서건창, 김혜성, 김하성, 허정협, 박동원, 전병우, 김웅빈, 김규민, 변상권, 윤정현",8 , 4
20200828,NC,"박민우, 권희동, 나성범, 양의지, 강진성, 박석민, 모창민, 알테어, 지석훈, 김진호",두산,"박건우, 페르난데스, 오재일, 김재환, 최주환, 허경민, 정수빈, 김재호, 박세혁, 유희관",11 , 4
20200829,LG,"홍창기, 오지환, 라모스, 김현수, 이형종, 양석환, 박용택, 이성우, 정주현, 임찬규",두산,"박건우, 페르난데스, 오재일, 김재환, 최주환, 허경민, 정수빈, 김재호, 박세혁, 최원준",5 , 5
20200829,키움,"서건창, 김하성, 이정후, 러셀, 허정협, 전병우, 김웅빈, 주효상, 변상권, 한현희",삼성,"박해민, 김상수, 구자욱, 팔카, 이원석, 김동엽, 강민호, 김지찬, 박계범, 뷰캐넌",5 , 4
20200829,롯데,"정훈, 손아섭, 전준우, 이대호, 한동희, 마차도, 안치홍, 정보근, 오윤석, 스트레일리",한화,"이용규, 노수광, 하주석, 반즈, 노시환, 이성열, 송광민, 이해창, 노태형, 김이환",7 , 9
20200829,NC,"박민우, 최정원, 나성범, 양의지, 이원재, 노진혁, 박석민, 알테어, 김성욱, 루친스키",SK,"최지훈, 고종욱, 최정, 한동민, 로맥, 오태곤, 최항, 이재원, 김성현, 박종훈",5 , 9
20200830,LG,"홍창기, 양석환, 라모스, 김현수, 이형종, 유강남, 이재원, 구본혁, 정주현, 켈리",두산,"정수빈, 페르난데스, 오재일, 김재환, 최주환, 허경민, 국해성, 김재호, 최용제, 김민규",1 , 4
20200830,키움,"서건창, 김하성, 이정후, 러셀, 허정협, 김웅빈, 김혜성, 이지영, 변상권, 브리검",삼성,"박해민, 김상수, 구자욱, 팔카, 이원석, 김동엽, 박계범, 김지찬, 김도환, 라이블리",2 , 3
20200830,KIA,"최원준, 홍종표, 터커, 나지완, 유민상, 한승택, 오선우, 박찬호, 김규성, 이민우",KT,"김민혁, 황재균, 로하스, 강백호, 유한준, 배정대, 천성호, 이홍구, 심우준, 쿠에바스",5 , 7
20200830,롯데,"정훈, 손아섭, 전준우, 이대호, 한동희, 마차도, 안치홍, 김준태, 오윤석, 샘슨",한화,"이용규, 노수광, 하주석, 이성열, 노시환, 반즈, 최재훈, 최인호, 노태형, 서폴드",2 , 6
20200830,NC,"박민우, 이명기, 나성범, 양의지, 박석민, 노진혁, 강진성, 이원재, 알테어, 신민혁",SK,"최지훈, 고종욱, 최정, 채태인, 로맥, 김강민, 최항, 이재원, 김성현, 이건욱",4 , 7
20200901,두산,"박건우, 정수빈, 페르난데스, 김재환, 오재일, 최주환, 허경민, 김재호, 박세혁, 알칸타라",한화,"이용규, 노수광, 하주석, 반즈, 노시환, 이성열, 송광민, 강경학, 최재훈, 장시환",0 , 4
20200901,키움,"김혜성, 김하성, 이정후, 러셀, 김웅빈, 허정협, 박동원, 이지영, 전병우, 김재웅",NC,"박민우, 이명기, 나성범, 양의지, 박석민, 강진성, 노진혁, 알테어, 권희동, 라이트",5 , 2
20200901,SK,"최지훈, 고종욱, 최정, 채태인, 로맥, 한동민, 최항, 이재원, 김성현, 백승건",LG,"홍창기, 정근우, 라모스, 김현수, 양석환, 유강남, 박용택, 이재원, 오지환, 정찬헌",13 , 5
20200901,KT,"김민혁, 배정대, 로하스, 강백호, 유한준, 박경수, 장성우, 강민국, 심우준, 배제성",롯데,"정훈, 손아섭, 전준우, 이대호, 한동희, 마차도, 안치홍, 이병규, 김준태, 박세웅",2 , 11
20200901,KIA,"박찬호, 터커, 최형우, 나지완, 황대인, 한승택, 김호령, 황윤호, 김규성, 브룩스",삼성,"박해민, 김상수, 구자욱, 팔카, 이원석, 김헌곤, 김지찬, 박계범, 김응민, 최채흥",0 , 6
20200902,키움,"김혜성, 김하성, 이정후, 러셀, 김웅빈, 허정협, 박동원, 송우현, 변상권, 조영건",NC,"박민우, 이명기, 나성범, 양의지, 강진성, 박석민, 노진혁, 알테어, 김성욱, 송명기",4 , 6
20200903,LG,"홍창기, 오지환, 라모스, 김현수, 양석환, 유강남, 박용택, 이재원, 정주현, 윌슨",NC,"박민우, 이명기, 나성범, 양의지, 알테어, 노진혁, 이원재, 김태군, 박준영, 김영규",5 , 6
20200903,KT,"조용호, 황재균, 로하스, 강백호, 유한준, 배정대, 박경수, 장성우, 심우준, 소형준",SK,"최지훈, 고종욱, 최정, 채태인, 로맥, 한동민, 최항, 이흥련, 김성현, 핀토",2 , 6
20200903,한화,"이용규, 정진호, 노시환, 반즈, 최재훈, 하주석, 최진행, 송광민, 오선진, 채드벨",키움,"김혜성, 김하성, 이정후, 러셀, 박동원, 이지영, 김웅빈, 허정협, 전병우, 윤정현",6 , 5
20200903,삼성,"박해민, 김상수, 구자욱, 팔카, 이원석, 강민호, 김헌곤, 이성곤, 김지찬, 원태인",두산,"박건우, 페르난데스, 오재일, 김재환, 최주환, 허경민, 정수빈, 김재호, 박세혁, 이승진",10 , 11
20200903,롯데,"정훈, 손아섭, 전준우, 이대호, 마차도, 한동희, 신본기, 민병헌, 김준태, 노경은",KIA,"최원준, 터커, 최형우, 나지완, 유민상, 김민식, 홍종표, 박찬호, 김규성, 가뇽",4 , 3
20200904,LG,"홍창기, 오지환, 라모스, 김현수, 양석환, 박용택, 유강남, 신민재, 정주현, 김윤식",NC,"박민우, 이명기, 나성범, 양의지, 알테어, 박석민, 강진성, 박준영, 권희동, 루친스키",5 , 3
20200904,KT,"김민혁, 황재균, 로하스, 강백호, 유한준, 박경수, 이홍구, 홍현빈, 심우준, 김민수",SK,"최지훈, 고종욱, 최정, 로맥, 정의윤, 오태곤, 김성현, 이흥련, 박성한, 문승원",5 , 7
20200904,한화,"이용규, 노수광, 노시환, 이성열, 하주석, 반즈, 정진호, 노태형, 최재훈, 김민우",키움,"서건창, 김하성, 이정후, 러셀, 전병우, 김혜성, 김웅빈, 주효상, 변상권, 한현희",1 , 7
20200904,삼성,"박해민, 김상수, 구자욱, 팔카, 이원석, 강민호, 김헌곤, 김지찬, 이성규, 뷰캐넌",두산,"박건우, 페르난데스, 오재일, 김재환, 최주환, 허경민, 정수빈, 박세혁, 서예일, 유희관",5 , 12
20200904,롯데,"정훈, 손아섭, 허일, 이대호, 한동희, 마차도, 신본기, 정보근, 김재유, 스트레일리",KIA,"최원준, 터커, 최형우, 김민식, 유민상, 오선우, 홍종표, 박찬호, 김규성, 임기영",7 , 9
20200905,두산,"박건우, 페르난데스, 오재일, 김재환, 최주환, 허경민, 정수빈, 김재호, 박세혁, 최원준",SK,"최지훈, 고종욱, 최정, 로맥, 한동민, 오태곤, 최항, 이재원, 박성한, 이건욱",1 , 5
20200905,키움,"서건창, 김혜성, 김하성, 이정후, 러셀, 김웅빈, 전병우, 이지영, 허정협, 브리검",KT,"조용호, 황재균, 로하스, 강백호, 배정대, 김민혁, 박승욱, 이홍구, 강민국, 쿠에바스",8 , 1
20200905,한화,"이용규, 노수광, 하주석, 이성열, 노시환, 반즈, 강경학, 최인호, 최재훈, 서폴드",KIA,"최원준, 터커, 최형우, 나지완, 김민식, 유민상, 홍종표, 김태진, 박찬호, 이민우",5 , 4
20200906,두산,"박건우, 페르난데스, 오재일, 김재환, 최주환, 허경민, 정수빈, 김재호, 박세혁, 함덕주",SK,"최지훈, 오태곤, 정의윤, 로맥, 남태혁, 김강민, 고종욱, 이흥련, 최항, 오원석",0 , 10
20200906,키움,"서건창, 김하성, 러셀, 이정후, 박동원, 김웅빈, 김혜성, 허정협, 전병우, 요키시",KT,"배정대, 로하스, 강백호, 유한준, 박경수, 장성우, 강민국, 박승욱, 심우준, 하준호",8 , 7
20200906,한화,"노수광, 강경학, 노시환, 이성열, 하주석, 반즈, 정진호, 송광민, 이해창, 장시환",KIA,"최원준, 터커, 최형우, 나지완, 유민상, 김태진, 한승택, 홍종표, 박찬호, 브룩스",8 , 4
20200906,롯데,"정훈, 손아섭, 전준우, 이대호, 한동희, 마차도, 이병규, 김준태, 안치홍, 샘슨",LG,"홍창기, 오지환, 이형종, 라모스, 양석환, 박용택, 유강남, 신민재, 정주현, 임찬규",7 , 1
20200908,두산,"박건우, 페르난데스, 오재일, 김재환, 최주환, 허경민, 정수빈, 김재호, 박세혁, 알칸타라",KT,"황재균, 로하스, 강백호, 유한준, 배정대, 박경수, 김민혁, 장성우, 심우준, 배제성",0 , 8
20200908,SK,"오태곤, 김강민, 채태인, 로맥, 한동민, 고종욱, 최항, 이재원, 김성현, 핀토",키움,"서건창, 김하성, 러셀, 이정후, 허정협, 김웅빈, 김혜성, 박동원, 박준태, 김재웅",16 , 15
20200908,삼성,"김상수, 구자욱, 김동엽, 팔카, 이원석, 김헌곤, 강민호, 박계범, 박해민, 최채흥",한화,"노수광, 정진호, 노시환, 반즈, 하주석, 최진행, 이성열, 이해창, 오선진, 채드벨",4 , 2
20200908,KIA,"최원준, 터커, 최형우, 나지완, 유민상, 김민식, 홍종표, 김태진, 박찬호, 양승철",LG,"홍창기, 오지환, 라모스, 김현수, 이형종, 이천웅, 양석환, 유강남, 정주현, 정찬헌",2 , 3
20200908,NC,"박민우, 이명기, 나성범, 양의지, 박석민, 강진성, 노진혁, 알테어, 권희동, 송명기",롯데,"김재유, 한동희, 전준우, 이대호, 이병규, 마차도, 김준태, 허일, 안치홍, 송승준",2 , 14
20200909,두산,"박건우, 페르난데스, 오재일, 김재환, 허경민, 정수빈, 김재호, 박세혁, 이유찬, 플렉센",KT,"조용호, 황재균, 로하스, 강백호, 유한준, 배정대, 박경수, 장성우, 심우준, 데스파이네",4 , 2
20200909,SK,"오태곤, 고종욱, 최정, 로맥, 채태인, 최항, 김강민, 이재원, 김성현, 백승건",키움,"서건창, 김하성, 러셀, 이정후, 허정협, 김웅빈, 박동원, 전병우, 박준태, 조영건",13 , 4
20200909,삼성,"박해민, 김상수, 구자욱, 팔카, 김동엽, 김헌곤, 박계범, 김지찬, 김응민, 원태인",한화,"이용규, 강경학, 노시환, 반즈, 하주석, 최진행, 최인호, 이해창, 임종찬, 김진욱",7 , 0
20200909,NC,"박민우, 이명기, 나성범, 양의지, 박석민, 이원재, 노진혁, 알테어, 권희동, 라이트",롯데,"김재유, 한동희, 전준우, 이대호, 이병규, 마차도, 안치홍, 민병헌, 김준태, 노경은",7 , 5
20200910,LG,"홍창기, 오지환, 라모스, 김현수, 이형종, 이천웅, 양석환, 유강남, 정주현, 켈리",키움,"서건창, 김하성, 러셀, 이정후, 허정협, 박동원, 김혜성, 전병우, 박준태, 한현희",1 , 6
20200910,한화,"이용규, 정진호, 노수광, 하주석, 송광민, 이성열, 강경학, 노태형, 최재훈, 서폴드",SK,"최지훈, 오태곤, 최정, 로맥, 화이트, 고종욱, 최항, 이재원, 김성현, 박종훈",5 , 1
20200910,KIA,"최원준, 터커, 최형우, 나지완, 황대인, 한승택, 김태진, 박찬호, 김규성, 양현종",두산,"박건우, 페르난데스, 오재일, 김재환, 최주환, 허경민, 김재호, 정수빈, 최용제, 유희관",5 , 4
20200910,롯데,"손아섭, 한동희, 전준우, 이대호, 이병규, 마차도, 안치홍, 정보근, 김재유, 스트레일리",삼성,"박해민, 강한울, 구자욱, 팔카, 김동엽, 김헌곤, 강민호, 김지찬, 박계범, 김대우",8 , 13
20200910,NC,"박민우, 이명기, 나성범, 양의지, 박석민, 노진혁, 강진성, 알테어, 권희동, 김영규",KT,"배정대, 황재균, 로하스, 강백호, 유한준, 박경수, 장성우, 문상철, 심우준, 김민수",8 , 13
20200911,LG,"홍창기, 오지환, 라모스, 김현수, 이형종, 이천웅, 양석환, 유강남, 정주현, 윌슨",키움,"김혜성, 전병우, 김하성, 이정후, 러셀, 허정협, 이지영, 변상권, 박준태, 브리검",8 , 2
20200911,한화,"이용규, 노수광, 노시환, 반즈, 하주석, 최진행, 강경학, 이해창, 임종찬, 장시환",SK,"최지훈, 오태곤, 최정, 로맥, 화이트, 최항, 고종욱, 이재원, 김성현, 문승원",4 , 3
20200911,롯데,"민병헌, 한동희, 전준우, 이대호, 이병규, 마차도, 안치홍, 정보근, 김재유, 서준원",삼성,"박해민, 김상수, 구자욱, 팔카, 이원석, 김동엽, 강한울, 강민호, 김지찬, 이상민",4 , 12
20200911,NC,"박민우, 이명기, 나성범, 양의지, 박석민, 강진성, 노진혁, 알테어, 도태훈, 루친스키",KT,"조용호, 황재균, 로하스, 강백호, 배정대, 김민혁, 박승욱, 이홍구, 심우준, 쿠에바스",1 , 9
20200912,LG,"홍창기, 이천웅, 라모스, 김현수, 이형종, 오지환, 유강남, 양석환, 정주현, 임찬규",삼성,"박해민, 김상수, 구자욱, 팔카, 김동엽, 이원석, 강한울, 강민호, 박계범, 라이블리",5 , 1
20200912,키움,"서건창, 김혜성, 김하성, 이정후, 김웅빈, 허정협, 전병우, 박동원, 박준태, 요키시",두산,"박건우, 페르난데스, 오재일, 김재환, 최주환, 허경민, 김재호, 정수빈, 박세혁, 최원준",0 , 2
20200912,SK,"최지훈, 최항, 최정, 로맥, 화이트, 오태곤, 고종욱, 이재원, 김성현, 이건욱",롯데,"김재유, 이병규, 전준우, 이대호, 한동희, 마차도, 안치홍, 민병헌, 김준태, 샘슨",1 , 2
20200912,KT,"조용호, 황재균, 로하스, 강백호, 유한준, 배정대, 박경수, 장성우, 심우준, 소형준",한화,"노수광, 강경학, 노시환, 반즈, 하주석, 이성열, 최인호, 이해창, 임종찬, 김이환",2 , 5
20200912,NC,"박민우, 이명기, 나성범, 양의지, 박석민, 알테어, 강진성, 노진혁, 김태군, 신민혁",KIA,"최원준, 터커, 최형우, 나지완, 김민식, 유민상, 김태진, 박찬호, 홍종표, 가뇽",11 , 3
20200913,LG,"홍창기, 오지환, 라모스, 김현수, 이형종, 이천웅, 유강남, 양석환, 정주현, 김윤식",삼성,"박해민, 김상수, 구자욱, 팔카, 이원석, 김동엽, 강민호, 강한울, 김헌곤, 최채흥",11 , 0
20200913,키움,"서건창, 김하성, 김웅빈, 이정후, 러셀, 허정협, 전병우, 이지영, 박준태, 이승호",두산,"박건우, 최주환, 페르난데스, 김재환, 오재일, 허경민, 김재호, 정수빈, 박세혁, 함덕주",6 , 6
20200913,SK,"최지훈, 오태곤, 최정, 로맥, 화이트, 최항, 고종욱, 이흥련, 김성현, 핀토",롯데,"김재유, 한동희, 전준우, 이대호, 이병규, 마차도, 안치홍, 허일, 김준태, 박세웅",1 , 3
20200913,KT,"조용호, 황재균, 로하스, 강백호, 유한준, 박경수, 장성우, 배정대, 심우준, 배제성",한화,"이용규, 노수광, 노시환, 반즈, 하주석, 이해창, 강경학, 오선진, 최인호, 채드벨",4 , 5
20200913,NC,"박민우, 이명기, 나성범, 양의지, 이원재, 박석민, 노진혁, 알테어, 권희동, 송명기",KIA,"최원준, 터커, 최형우, 나지완, 유민상, 김태진, 한승택, 홍종표, 박찬호, 브룩스",4 , 3
20200915,두산,"박건우, 최주환, 페르난데스, 오재일, 김재환, 허경민, 정수빈, 김재호, 박세혁, 알칸타라",NC,"이명기, 김준완, 박민우, 양의지, 박석민, 권희동, 알테어, 강진성, 노진혁, 라이트",3 , 7
20200915,키움,"서건창, 김하성, 이정후, 김웅빈, 러셀, 김혜성, 허정협, 박동원, 박준태, 김재웅",롯데,"정훈, 손아섭, 전준우, 이대호, 한동희, 마차도, 이병규, 김준태, 안치홍, 노경은",8 , 5
20200915,KT,"조용호, 황재균, 로하스, 강백호, 유한준, 배정대, 박경수, 장성우, 심우준, 데스파이네",삼성,"박해민, 김상수, 구자욱, 팔카, 김동엽, 이원석, 강한울, 강민호, 김헌곤, 뷰캐넌",7 , 0
20200915,한화,"이용규, 노수광, 노시환, 반즈, 하주석, 이해창, 강경학, 최인호, 임종찬, 김민우",LG,"홍창기, 오지환, 라모스, 김현수, 이형종, 이천웅, 유강남, 양석환, 정주현, 이민호",5 , 6
20200915,KIA,"최원준, 김선빈, 터커, 최형우, 나지완, 김민식, 유민상, 김태진, 박찬호, 이민우",SK,"최지훈, 오태곤, 최정, 로맥, 최항, 화이트, 고종욱, 이재원, 김성현, 조영우",16 , 1
20200916,두산,"박건우, 최주환, 오재일, 김재환, 페르난데스, 허경민, 정수빈, 김재호, 박세혁, 플렉센",NC,"김준완, 알테어, 박민우, 양의지, 박석민, 강진성, 노진혁, 김성욱, 김형준, 김영규",5 , 3
20200916,키움,"서건창, 김하성, 이정후, 러셀, 김웅빈, 전병우, 김혜성, 박동원, 박준태, 한현희",롯데,"정훈, 손아섭, 전준우, 이대호, 한동희, 마차도, 이병규, 정보근, 안치홍, 스트레일리",8 , 2
20200916,KT,"배정대, 황재균, 로하스, 강백호, 박경수, 조용호, 장성우, 문상철, 심우준, 김민수",삼성,"박해민, 김상수, 구자욱, 팔카, 김동엽, 이원석, 강한울, 강민호, 김헌곤, 원태인",6 , 11
20200916,한화,"이용규, 노수광, 노시환, 반즈, 하주석, 최진행, 최인호, 최재훈, 강경학, 김진욱",LG,"홍창기, 오지환, 라모스, 김현수, 박용택, 이천웅, 양석환, 유강남, 정주현, 켈리",11 , 5
20200916,KIA,"최원준, 터커, 최형우, 나지완, 유민상, 김민식, 김태진, 박찬호, 홍종표, 양현종",SK,"최지훈, 오태곤, 최정, 로맥, 화이트, 김강민, 이재원, 정현, 김성현, 박종훈",7 , 6
20200917,LG,"홍창기, 오지환, 라모스, 김현수, 박용택, 이천웅, 양석환, 유강남, 정주현, 윌슨",롯데,"정훈, 손아섭, 전준우, 이대호, 한동희, 마차도, 이병규, 정보근, 안치홍, 서준원",1 , 9
20200917,키움,"서건창, 김혜성, 김하성, 이정후, 김웅빈, 이지영, 허정협, 전병우, 변상권, 브리검",한화,"이용규, 노수광, 하주석, 반즈, 이성열, 노시환, 강경학, 최재훈, 임종찬, 장시환",2 , 5
20200917,SK,"최지훈, 오태곤, 최정, 로맥, 화이트, 고종욱, 최준우, 이재원, 김성현, 문승원",NC,"이명기, 김준완, 박민우, 양의지, 강진성, 노진혁, 김성욱, 알테어, 도태훈, 루친스키",3 , 0
20200917,KT,"배정대, 황재균, 로하스, 강백호, 유한준, 조용호, 박경수, 장성우, 심우준, 쿠에바스",두산,"정수빈, 페르난데스, 오재일, 김재환, 최주환, 허경민, 박세혁, 국해성, 이유찬, 유희관",0 , 3
20200917,삼성,"박해민, 김상수, 구자욱, 팔카, 김동엽, 이원석, 이성곤, 강민호, 김지찬, 김대우",KIA,"최원준, 김선빈, 터커, 최형우, 나지완, 김태진, 유민상, 한승택, 박찬호, 임기영",12 , 2
20200918,LG,"홍창기, 오지환, 라모스, 김현수, 박용택, 이천웅, 양석환, 이성우, 정주현, 정찬헌",롯데,"정훈, 손아섭, 전준우, 이대호, 한동희, 마차도, 이병규, 오윤석, 김준태, 샘슨",5 , 3
20200918,키움,"서건창, 김혜성, 김하성, 이정후, 러셀, 김웅빈, 허정협, 박동원, 전병우, 요키시",한화,"노수광, 노시환, 최재훈, 반즈, 송광민, 최진행, 노태형, 이해창, 오선진, 김이환",2 , 0
20200918,SK,"최지훈, 오준혁, 채태인, 로맥, 고종욱, 오태곤, 최준우, 이재원, 김성현, 이건욱",NC,"이명기, 권희동, 박민우, 양의지, 이원재, 노진혁, 김성욱, 알테어, 도태훈, 이재학",9 , 5
20200918,KT,"배정대, 황재균, 로하스, 강백호, 장성우, 조용호, 박경수, 문상철, 심우준, 소형준",두산,"박건우, 최주환, 오재일, 김재환, 페르난데스, 허경민, 정수빈, 김재호, 박세혁, 최원준",4 , 5
20200918,삼성,"박해민, 김상수, 구자욱, 팔카, 김동엽, 이원석, 강한울, 강민호, 박계범, 라이블리",KIA,"최원준, 김선빈, 터커, 최형우, 나지완, 유민상, 김민식, 김태진, 박찬호, 가뇽",13 , 5
20200919,두산,"박건우, 정수빈, 페르난데스, 김재환, 오재일, 최주환, 김재호, 오재원, 박세혁, 함덕주",LG,"홍창기, 오지환, 라모스, 김현수, 채은성, 이천웅, 양석환, 유강남, 정주현, 임찬규",9 , 6
20200919,SK,"최지훈, 오태곤, 최정, 로맥, 채태인, 고종욱, 김성현, 이흥련, 박성한, 핀토",KT,"배정대, 황재균, 로하스, 강백호, 유한준, 박경수, 이홍구, 홍현빈, 심우준, 배제성",5 , 0
20200919,삼성,"박해민, 김상수, 구자욱, 팔카, 김동엽, 이원석, 박계범, 강한울, 김응민, 최채흥",키움,"박준태, 김혜성, 서건창, 이정후, 러셀, 이지영, 김웅빈, 허정협, 전병우, 이승호",8 , 7
20200919,KIA,"최원준, 김선빈, 터커, 최형우, 나지완, 유민상, 김태진, 한승택, 박찬호, 브룩스",한화,"노수광, 강경학, 하주석, 반즈, 이해창, 노시환, 임종찬, 최재훈, 최인호, 장민재",0 , 8
20200919,롯데,"정훈, 손아섭, 전준우, 이대호, 한동희, 마차도, 이병규, 김준태, 안치홍, 박세웅",NC,"이명기, 김성욱, 박민우, 양의지, 박석민, 강진성, 노진혁, 알테어, 김태군, 송명기",1 , 5
20200920,두산,"허경민, 페르난데스, 박건우, 김재환, 오재일, 김재호, 최주환, 정수빈, 박세혁, 알칸타라",LG,"홍창기, 오지환, 라모스, 김현수, 채은성, 박용택, 김민성, 유강남, 정주현, 이우찬",5 , 6
20200920,SK,"오태곤, 고종욱, 최정, 로맥, 오준혁, 김강민, 김창평, 이재원, 박성한, 조영우",KT,"배정대, 황재균, 로하스, 강백호, 유한준, 박경수, 장성우, 조용호, 심우준, 데스파이네",10 , 2
20200920,삼성,"박해민, 김상수, 구자욱, 이원석, 김동엽, 강한울, 강민호, 이성규, 김헌곤, 뷰캐넌",키움,"박준태, 김혜성, 서건창, 이정후, 러셀, 이지영, 김웅빈, 허정협, 전병우, 조영건",6 , 14
20200920,KIA,"최원준, 김선빈, 터커, 최형우, 나지완, 김민식, 김태진, 유민상, 박찬호, 김기훈",한화,"정진호, 노태형, 노시환, 반즈, 하주석, 최재훈, 최진행, 이성열, 송광민, 김민우",11 , 3
20200920,롯데,"김재유, 손아섭, 전준우, 이대호, 한동희, 마차도, 이병규, 오윤석, 김준태, 노경은",NC,"이명기, 김성욱, 박민우, 양의지, 강진성, 박석민, 노진혁, 알테어, 김형준, 박진우",6 , 2
20200922,LG,"홍창기, 오지환, 라모스, 김현수, 채은성, 이천웅, 김민성, 유강남, 정주현, 켈리",SK,"최지훈, 오준혁, 최정, 로맥, 고종욱, 김강민, 이재원, 박성한, 김성현, 박종훈",2 , 7
20200922,한화,"노수광, 강경학, 하주석, 반즈, 노시환, 최재훈, 송광민, 최진행, 임종찬, 장시환",두산,"박건우, 정수빈, 페르난데스, 김재환, 최주환, 오재일, 김재호, 허경민, 박세혁, 플렉센",1 , 5
20200922,KIA,"최원준, 김선빈, 터커, 최형우, 나지완, 김민식, 유민상, 김태진, 박찬호, 양현종",키움,"박준태, 김혜성, 서건창, 이정후, 허정협, 이지영, 전병우, 김웅빈, 주효상, 한현희",2 , 0
20200922,롯데,"정훈, 손아섭, 전준우, 이대호, 한동희, 이병규, 마차도, 정보근, 안치홍, 스트레일리",KT,"배정대, 황재균, 로하스, 강백호, 유한준, 조용호, 장성우, 강민국, 심우준, 김민수",0 , 8
20200922,NC,"이명기, 김준완, 박민우, 양의지, 박석민, 강진성, 노진혁, 알테어, 김형준, 김영규",삼성,"박해민, 김상수, 구자욱, 이원석, 김동엽, 팔카, 김헌곤, 강한울, 김도환, 원태인",2 , 3
20200923,LG,"홍창기, 오지환, 라모스, 김현수, 채은성, 이천웅, 김민성, 유강남, 정주현, 윌슨",SK,"최지훈, 박성한, 최정, 로맥, 채태인, 김강민, 이재원, 채현우, 김성현, 문승원",2 , 6
20200923,한화,"노수광, 최인호, 하주석, 반즈, 노시환, 최재훈, 송광민, 최진행, 노태형, 김진욱",두산,"박건우, 정수빈, 페르난데스, 김재환, 최주환, 김재호, 허경민, 박세혁, 오재원, 김민규",5 , 6
20200923,KIA,"최원준, 김선빈, 터커, 최형우, 나지완, 김민식, 김태진, 유민상, 박찬호, 임기영",키움,"박준태, 김혜성, 서건창, 이정후, 김하성, 이지영, 러셀, 김웅빈, 전병우, 브리검",13 , 1
20200923,롯데,"정훈, 손아섭, 전준우, 이대호, 한동희, 이병규, 마차도, 김준태, 안치홍, 샘슨",KT,"배정대, 황재균, 로하스, 강백호, 유한준, 조용호, 박경수, 장성우, 심우준, 쿠에바스",10 , 5
20200923,NC,"이명기, 김성욱, 박민우, 양의지, 박석민, 권희동, 알테어, 노진혁, 이상호, 루친스키",삼성,"박해민, 김상수, 구자욱, 팔카, 김동엽, 이원석, 강한울, 김도환, 김헌곤, 이승민",7 , 8
20200924,두산,"박건우, 정수빈, 최주환, 김재환, 페르난데스, 오재일, 김재호, 허경민, 박세혁, 최원준",삼성,"박해민, 김상수, 구자욱, 김동엽, 팔카, 이원석, 강한울, 강민호, 김성윤, 라이블리",0 , 1
20200924,키움,"박준태, 김혜성, 서건창, 이정후, 김하성, 러셀, 김웅빈, 주효상, 전병우, 요키시",SK,"최지훈, 채현우, 최정, 로맥, 정의윤, 오태곤, 김강민, 이재원, 김성현, 이건욱",1 , 6
20200924,KT,"배정대, 황재균, 로하스, 강백호, 유한준, 조용호, 박경수, 장성우, 심우준, 소형준",KIA,"최원준, 김선빈, 터커, 최형우, 나지완, 유민상, 김태진, 한승택, 박찬호, 가뇽",5 , 3
20200924,한화,"노수광, 임종찬, 하주석, 반즈, 노시환, 최재훈, 송광민, 강경학, 최진행, 서폴드",롯데,"정훈, 손아섭, 전준우, 이대호, 이병규, 마차도, 한동희, 오윤석, 김준태, 박세웅",4 , 7
20200924,NC,"이명기, 권희동, 박민우, 양의지, 박석민, 노진혁, 알테어, 이원재, 김태군, 최성영",LG,"홍창기, 이형종, 라모스, 김현수, 채은성, 오지환, 김민성, 유강남, 정주현, 이민호",8 , 12
20200925,두산,"박건우, 페르난데스, 최주환, 김재환, 오재일, 허경민, 김재호, 정수빈, 박세혁, 유희관",삼성,"박해민, 김상수, 구자욱, 팔카, 김동엽, 강한울, 박계범, 강민호, 김헌곤, 최채흥",4 , 3
20200925,키움,"박준태, 김혜성, 서건창, 이정후, 김하성, 러셀, 김웅빈, 주효상, 전병우, 최원태",SK,"최지훈, 오태곤, 최정, 로맥, 고종욱, 김강민, 김창평, 이흥련, 김성현, 핀토",8 , 6
20200925,KT,"배정대, 황재균, 로하스, 강백호, 장성우, 조용호, 박경수, 문상철, 심우준, 데스파이네",KIA,"최원준, 김선빈, 터커, 최형우, 나지완, 김민식, 김태진, 유민상, 박찬호, 장현식",3 , 7
20200925,한화,"노수광, 임종찬, 하주석, 반즈, 노시환, 송광민, 이해창, 최인호, 노태형, 김이환",롯데,"정훈, 손아섭, 전준우, 이대호, 이병규, 마차도, 한동희, 오윤석, 김준태, 노경은",5 , 6
20200925,NC,"이명기, 권희동, 박민우, 양의지, 박석민, 노진혁, 알테어, 이원재, 김형준, 송명기",LG,"홍창기, 오지환, 라모스, 김현수, 채은성, 이천웅, 김민성, 이성우, 정주현, 임찬규",1 , 7
20200926,두산,"박건우, 페르난데스, 최주환, 김재환, 오재일, 허경민, 박세혁, 정수빈, 이유찬, 알칸타라",키움,"김혜성, 김하성, 서건창, 이정후, 러셀, 허정협, 이지영, 전병우, 박준태, 이승호",0 , 4
20200926,KT,"배정대, 황재균, 로하스, 강백호, 유한준, 박경수, 장성우, 문상철, 심우준, 배제성",LG,"홍창기, 이천웅, 라모스, 김현수, 채은성, 김민성, 유강남, 구본혁, 정주현, 김윤식",3 , 1
20200926,한화,"노수광, 임종찬, 송광민, 반즈, 노시환, 최재훈, 최인호, 정기훈, 오선진, 김민우",NC,"김성욱, 권희동, 박민우, 양의지, 나성범, 박석민, 노진혁, 알테어, 이원재, 라이트",13 , 1
20200926,삼성,"박해민, 김상수, 구자욱, 김동엽, 팔카, 이원석, 강한울, 강민호, 김호재, 뷰캐넌",SK,"최지훈, 오태곤, 최정, 로맥, 채태인, 김강민, 이재원, 정현, 김성현, 조영우",2 , 8
20200926,KIA,"최원준, 김선빈, 터커, 최형우, 나지완, 김태진, 황대인, 한승택, 박찬호, 이민우",롯데,"정훈, 손아섭, 전준우, 이대호, 이병규, 마차도, 한동희, 오윤석, 김준태, 이승헌",16 , 3
20200927,두산,"박건우, 페르난데스, 최주환, 김재환, 오재일, 허경민, 정수빈, 장승현, 이유찬, 함덕주",키움,"김혜성, 김하성, 이정후, 허정협, 이지영, 변상권, 전병우, 김은성, 김규민, 윤정현",1 , 6
20200927,KT,"배정대, 조용호, 황재균, 강백호, 문상철, 박경수, 김민혁, 허도환, 심우준, 김민수",LG,"홍창기, 오지환, 라모스, 김현수, 이형종, 이천웅, 김민성, 유강남, 정주현, 켈리",4 , 5
20200927,한화,"정진호, 임종찬, 노시환, 반즈, 송광민, 최재훈, 노태형, 최인호, 박정현, 장시환",NC,"김성욱, 권희동, 박민우, 양의지, 나성범, 박석민, 이원재, 알테어, 지석훈, 이재학",5 , 4
20200927,삼성,"박해민, 김상수, 구자욱, 김동엽, 팔카, 이원석, 강한울, 김도환, 김호재, 원태인",SK,"최지훈, 오태곤, 고종욱, 로맥, 채태인, 김강민, 이재원, 김창평, 김성현, 박종훈",12 , 1
20200927,KIA,"최원준, 김선빈, 터커, 최형우, 나지완, 김태진, 김민식, 유민상, 박찬호, 양현종",롯데,"손아섭, 한동희, 전준우, 이대호, 이병규, 마차도, 오윤석, 민병헌, 정보근, 스트레일리",1 , 2
20200724,두산,"박건우, 페르난데스, 오재일, 김재환, 최주환, 허경민, 오재원, 정수빈, 정상호, 유희관",LG,"홍창기, 김현수, 이형종, 라모스, 김민성, 오지환, 유강남, 이재원, 정주현, 차우찬",8 , 1
20200724,키움,"김혜성, 서건창, 이정후, 김하성, 박병호, 박동원, 김웅빈, 전병우, 박준태, 최원태",롯데,"정훈, 손아섭, 전준우, 이대호, 오윤석, 마차도, 안치홍, 민병헌, 김준태, 박세웅",4 , 2
20200724,KT,"김민혁, 황재균, 로하스, 강백호, 조용호, 장성우, 배정대, 박경수, 심우준, 쿠에바스",NC,"박민우, 권희동, 나성범, 알테어, 강진성, 박석민, 노진혁, 모창민, 김태군, 루친스키",3 , 2
20200724,한화,"이용규, 정은원, 반즈, 김태균, 하주석, 오선진, 정기훈, 최재훈, 이동훈, 장시환",SK,"정진기, 최준우, 최정, 로맥, 한동민, 채태인, 김강민, 이현석, 김성현, 박종훈",7 , 4
20200725,두산,"박건우, 페르난데스, 오재일, 김재환, 최주환, 허경민, 오재원, 정수빈, 정상호, 최원준",LG,"홍창기, 오지환, 김현수, 라모스, 김민성, 김호은, 이형종, 유강남, 정주현, 켈리",3 , 7
20200725,키움,"김혜성, 김하성, 서건창, 이정후, 박병호, 박동원, 전병우, 주효상, 박준태, 한현희",롯데,"정훈, 손아섭, 전준우, 이대호, 오윤석, 마차도, 안치홍, 정보근, 민병헌, 스트레일리",6 , 3
20200725,KT,"조용호, 황재균, 로하스, 강백호, 유한준, 배정대, 박경수, 장성우, 심우준, 데스파이네",NC,"박민우, 이명기, 나성범, 알테어, 강진성, 노진혁, 모창민, 김태군, 이상호, 라이트",2 , 6
20200725,KIA,"이창진, 터커, 최형우, 나지완, 김민식, 유민상, 나주환, 박찬호, 김규성, 브룩스",삼성,"김상수, 구자욱, 이학주, 이원석, 이성곤, 이성규, 박해민, 강민호, 박찬도, 라이블리",2 , 8
20200726,두산,"박건우, 페르난데스, 오재일, 김재환, 최주환, 허경민, 김재호, 정수빈, 정상호, 이영하",LG,"홍창기, 오지환, 김현수, 라모스, 김민성, 김호은, 이형종, 유강남, 정주현, 이민호",4 , 3
20200726,키움,"김혜성, 김하성, 서건창, 이정후, 박병호, 박동원, 전병우, 박주홍, 박준태, 김재웅",롯데,"정훈, 손아섭, 전준우, 이대호, 오윤석, 마차도, 안치홍, 정보근, 민병헌, 서준원",1 , 8
20200726,KT,"조용호, 황재균, 로하스, 강백호, 유한준, 배정대, 박경수, 장성우, 심우준, 김민수",NC,"박민우, 이명기, 나성범, 양의지, 강진성, 노진혁, 알테어, 김찬형, 권희동, 구창모",4 , 5
20200726,한화,"이용규, 정은원, 반즈, 김태균, 하주석, 최진행, 정기훈, 최재훈, 이동훈, 서폴드",SK,"고종욱, 최준우, 최정, 로맥, 한동민, 채태인, 이재원, 김성현, 최지훈, 문승원",7 , 4
20200726,KIA,"이창진, 터커, 최형우, 나지완, 김민식, 유민상, 나주환, 박찬호, 김규성, 임기영",삼성,"김상수, 구자욱, 이학주, 이원석, 이성곤, 이성규, 송준석, 강민호, 박해민, 뷰캐넌",5 , 8
20200728,두산,"박건우, 페르난데스, 오재일, 김재환, 최주환, 허경민, 김재호, 정수빈, 정상호, 알칸타라",키움,"서건창, 김하성, 러셀, 이정후, 박병호, 박동원, 김혜성, 허정협, 박준태, 요키시",6 , 2
20200728,SK,"최지훈, 최준우, 최정, 로맥, 한동민, 채태인, 고종욱, 이현석, 김성현, 핀토",LG,"홍창기, 오지환, 채은성, 김현수, 김민성, 라모스, 이형종, 유강남, 정주현, 윌슨",24 , 7
20200728,롯데,"정훈, 손아섭, 전준우, 이대호, 한동희, 마차도, 안치홍, 민병헌, 김준태, 노경은",NC,"박민우, 이명기, 나성범, 양의지, 강진성, 박석민, 노진혁, 알테어, 김형준, 이재학",9 , 11
20200729,SK,"최지훈, 한동민, 최정, 로맥, 채태인, 오준혁, 최준우, 이재원, 김성현, 백승건",LG,"홍창기, 오지환, 채은성, 김현수, 김민성, 라모스, 이형종, 유강남, 정주현, 정찬헌",11 , 6
20200729,삼성,"김상수, 박승규, 구자욱, 이원석, 이학주, 이성규, 김호재, 강민호, 박해민, 원태인",한화,"이용규, 하주석, 반즈, 최진행, 오선진, 김태균, 강경학, 최재훈, 유장혁, 김범수",12 , 7
20200730,두산,"정수빈, 페르난데스, 오재일, 김재환, 최주환, 허경민, 김재호, 김인태, 장승현, 유희관",키움,"서건창, 김하성, 러셀, 이정후, 박동원, 박병호, 김혜성, 박주홍, 박준태, 최원태",8 , 5
20200730,SK,"최지훈, 한동민, 최정, 채태인, 윤석민, 오준혁, 최준우, 이재원, 김성현, 박종훈",LG,"홍창기, 오지환, 채은성, 김현수, 김민성, 라모스, 이형종, 이성우, 구본혁, 임찬규",9 , 1
20200730,삼성,"김상수, 구자욱, 이학주, 이원석, 이성곤, 박해민, 강민호, 박찬도, 김지찬, 최채흥",한화,"이용규, 강경학, 반즈, 김태균, 최진행, 최재훈, 노시환, 유장혁, 하주석, 김민우",1 , 2
20200730,KIA,"이창진, 터커, 최형우, 나지완, 김민식, 유민상, 나주환, 박찬호, 김규성, 양현종",KT,"조용호, 황재균, 로하스, 강백호, 유한준, 배정대, 박경수, 장성우, 심우준, 데스파이네",4 , 1
20200731,LG,"홍창기, 오지환, 채은성, 김현수, 김민성, 라모스, 이형종, 유강남, 정주현, 켈리",한화,"노수광, 이용규, 반즈, 김태균, 하주석, 최진행, 정은원, 이해창, 노시환, 장시환",2 , 1
20200731,KT,"조용호, 황재균, 로하스, 강백호, 유한준, 배정대, 박경수, 장성우, 심우준, 쿠에바스",SK,"최지훈, 오준혁, 최정, 로맥, 한동민, 채태인, 이재원, 김성현, 최준우, 문승원",1 , 11
20200731,삼성,"김지찬, 구자욱, 박해민, 이원석, 이성곤, 박찬도, 김호재, 김민수, 김재현, 라이블리",키움,"김혜성, 김하성, 러셀, 이정후, 서건창, 김웅빈, 전병우, 주효상, 박준태, 한현희",10 , 3
20200731,롯데,"정훈, 손아섭, 전준우, 이대호, 한동희, 마차도, 안치홍, 정보근, 민병헌, 스트레일리",KIA,"이창진, 터커, 최형우, 나지완, 유민상, 나주환, 한승택, 박찬호, 김규성, 브룩스",3 , 2
20200731,NC,"박민우, 이명기, 나성범, 양의지, 박석민, 노진혁, 강진성, 알테어, 김성욱, 루친스키",두산,"박건우, 페르난데스, 오재일, 김재환, 최주환, 허경민, 김재호, 정수빈, 정상호, 최원준",7 , 10
20200801,LG,"홍창기, 오지환, 채은성, 김현수, 김민성, 라모스, 유강남, 장준원, 정주현, 김윤식",한화,"이용규, 정은원, 반즈, 김태균, 최진행, 최재훈, 하주석, 노시환, 유장혁, 서폴드",6 , 9
20200801,KT,"조용호, 황재균, 로하스, 강백호, 유한준, 배정대, 박경수, 장성우, 심우준, 소형준",SK,"최지훈, 고종욱, 최정, 로맥, 채태인, 이재원, 김강민, 정현, 김성현, 이건욱",0 , 11
20200801,삼성,"김지찬, 구자욱, 박해민, 이원석, 김상수, 김호재, 이학주, 김민수, 박승규, 뷰캐넌",키움,"김혜성, 김하성, 러셀, 이정후, 허정협, 박병호, 이지영, 전병우, 박준태, 브리검",22 , 7
20200801,롯데,"정훈, 손아섭, 전준우, 이대호, 한동희, 마차도, 신본기, 민병헌, 김준태, 박세웅",KIA,"이창진, 김선빈, 터커, 최형우, 나지완, 김민식, 유민상, 나주환, 박찬호, 임기영",3 , 7
20200801,NC,"이명기, 나성범, 강진성, 양의지, 박석민, 노진혁, 모창민, 알테어, 지석훈, 라이트",두산,"박건우, 페르난데스, 오재일, 김재환, 최주환, 허경민, 김재호, 정수빈, 정상호, 이영하",12 , 10
20200802,삼성,"박승규, 박해민, 김상수, 구자욱, 김동엽, 김호재, 이학주, 김응민, 이성규, 윤성환",키움,"서건창, 김하성, 러셀, 이정후, 박동원, 박병호, 허정협, 전병우, 박준태, 요키시",4 , 2
20200802,롯데,"정훈, 손아섭, 전준우, 이대호, 한동희, 마차도, 신본기, 민병헌, 김준태, 노경은",KIA,"이창진, 김선빈, 터커, 최형우, 나지완, 김민식, 유민상, 나주환, 박찬호, 가뇽",0 , 8
20200802,NC,"이명기, 김준완, 나성범, 강진성, 노진혁, 권희동, 김형준, 지석훈, 이상호, 최성영",두산,"박건우, 페르난데스, 최주환, 오재일, 허경민, 김재호, 정수빈, 김인태, 정상호, 알칸타라",7 , 4
20200804,두산,"박건우, 페르난데스, 오재일, 김재환, 허경민, 최주환, 박세혁, 김재호, 정수빈, 이승진",삼성,"박해민, 박승규, 구자욱, 이원석, 김동엽, 강민호, 김호재, 양우현, 김지찬, 원태인",6 , 3
20200804,키움,"서건창, 김하성, 러셀, 이정후, 허정협, 박병호, 이지영, 김웅빈, 박준태, 이승호",KT,"조용호, 황재균, 로하스, 강백호, 유한준, 배정대, 박경수, 장성우, 심우준, 데스파이네",4 , 2
20200804,SK,"최지훈, 한동민, 최정, 로맥, 채태인, 오준혁, 최준우, 이재원, 김성현, 핀토",롯데,"정훈, 손아섭, 전준우, 이대호, 한동희, 마차도, 안치홍, 정보근, 민병헌, 서준원",8 , 0
20200804,KIA,"이창진, 김선빈, 터커, 최형우, 나지완, 유민상, 나주환, 한승택, 박찬호, 이민우",LG,"홍창기, 오지환, 채은성, 김현수, 김민성, 라모스, 이형종, 유강남, 정주현, 윌슨",15 , 5
20200805,두산,"박건우, 페르난데스, 오재일, 김재환, 허경민, 최주환, 박세혁, 정수빈, 이유찬, 유희관",삼성,"박해민, 구자욱, 이성곤, 이원석, 강민호, 양우현, 박계범, 김지찬, 박승규, 최채흥",2 , 2
20200805,키움,"서건창, 김하성, 러셀, 이정후, 박동원, 박병호, 김혜성, 허정협, 박준태, 최원태",KT,"조용호, 황재균, 로하스, 강백호, 유한준, 배정대, 박경수, 장성우, 심우준, 김민수",3 , 12
20200805,한화,"이용규, 노수광, 반즈, 김태균, 하주석, 강경학, 정은원, 최재훈, 노시환, 김민우",NC,"이명기, 권희동, 나성범, 양의지, 강진성, 박석민, 노진혁, 모창민, 지석훈, 이재학",5 , 8
20200805,KIA,"이창진, 김선빈, 터커, 최형우, 나지완, 유민상, 김민식, 나주환, 김규성, 양현종",LG,"홍창기, 오지환, 채은성, 김현수, 김민성, 라모스, 이형종, 유강남, 정주현, 이민호",6 , 4
20200806,두산,"박건우, 정수빈, 페르난데스, 오재일, 최주환, 김재호, 박세혁, 김인태, 이유찬, 최원준",삼성,"박해민, 박승규, 구자욱, 이원석, 강민호, 김동엽, 김호재, 김지찬, 박계범, 라이블리",2 , 5
20200806,키움,"김혜성, 김하성, 이정후, 박동원, 김웅빈, 박병호, 전병우, 주효상, 박준태, 한현희",KT,"조용호, 황재균, 로하스, 강백호, 유한준, 박승욱, 장성우, 송민섭, 심우준, 쿠에바스",2 , 3
20200806,SK,"최지훈, 최준우, 최정, 채태인, 로맥, 한동민, 이흥련, 김성현, 김재현, 김주한",롯데,"정훈, 손아섭, 전준우, 이대호, 한동희, 마차도, 안치홍, 정보근, 민병헌, 스트레일리",8 , 2
20200806,한화,"이용규, 노수광, 반즈, 최진행, 하주석, 김태균, 정은원, 이해창, 노시환, 장시환",NC,"이명기, 권희동, 나성범, 양의지, 강진성, 박석민, 노진혁, 지석훈, 김준완, 루친스키",4 , 1
20200806,KIA,"이창진, 김선빈, 터커, 최형우, 나지완, 유민상, 나주환, 한승택, 박찬호, 브룩스",LG,"홍창기, 오지환, 채은성, 김현수, 김민성, 라모스, 장준원, 이성우, 정주현, 임찬규",1 , 13
20200807,두산,"박건우, 정수빈, 페르난데스, 오재일, 최주환, 허경민, 김재호, 박세혁, 김인태, 이영하",롯데,"정훈, 손아섭, 전준우, 이대호, 한동희, 마차도, 안치홍, 김준태, 김재유, 박세웅",8 , 4
20200807,키움,"김혜성, 김하성, 이정후, 김웅빈, 박병호, 이지영, 허정협, 전병우, 박준태, 브리검",LG,"이형종, 오지환, 채은성, 김현수, 김민성, 라모스, 김용의, 유강남, 정주현, 켈리",5 , 2
20200807,SK,"최지훈, 최준우, 최정, 채태인, 윤석민, 한동민, 이흥련, 김성현, 김재현, 이건욱",삼성,"박해민, 박승규, 구자욱, 강민호, 김헌곤, 박계범, 김호재, 김지찬, 이성규, 뷰캐넌",2 , 0
20200808,두산,"박건우, 정수빈, 페르난데스, 오재일, 최주환, 허경민, 김재호, 박세혁, 국해성, 알칸타라",롯데,"정훈, 손아섭, 전준우, 이대호, 한동희, 마차도, 안치홍, 민병헌, 김준태, 노경은",1 , 1
20200808,키움,"김혜성, 김하성, 러셀, 이정후, 박병호, 박동원, 허정협, 전병우, 박준태, 요키시",LG,"홍창기, 오지환, 채은성, 김현수, 김민성, 라모스, 이형종, 유강남, 정주현, 김윤식",1 , 5
20200808,SK,"최지훈, 한동민, 최정, 채태인, 로맥, 김강민, 이흥련, 김성현, 최항, 문승원",삼성,"박해민, 박승규, 구자욱, 강민호, 김헌곤, 박계범, 김지찬, 김도환, 김호재, 윤성환",2 , 4
20200808,KIA,"김선빈, 터커, 최형우, 나지완, 김민식, 유민상, 나주환, 최원준, 박찬호, 가뇽",NC,"이명기, 김준완, 나성범, 양의지, 박석민, 노진혁, 모창민, 이원재, 지석훈, 라이트",2 , 3
20200809,키움,"서건창, 김하성, 러셀, 이정후, 박병호, 김웅빈, 김혜성, 이지영, 박준태, 이승호",LG,"홍창기, 오지환, 채은성, 김현수, 김민성, 라모스, 이형종, 유강남, 정주현, 윌슨",1 , 2
20200809,한화,"이용규, 노수광, 반즈, 최진행, 하주석, 김태균, 정은원, 최재훈, 노시환, 채드벨",KT,"조용호, 황재균, 로하스, 강백호, 유한준, 배정대, 박경수, 장성우, 심우준, 데스파이네",6 , 3
20200809,KIA,"김선빈, 터커, 최형우, 나지완, 유민상, 한승택, 나주환, 김호령, 박찬호, 임기영",NC,"이명기, 김준완, 나성범, 양의지, 박석민, 노진혁, 이원재, 권희동, 지석훈, 최성영",8 , 1
20200818,LG,"홍창기, 오지환, 채은성, 김현수, 김민성, 라모스, 박용택, 유강남, 정주현, 임찬규",KIA,"최원준, 터커, 최형우, 나지완, 유민상, 나주환, 한승택, 박찬호, 김규성, 브룩스",5 , 6
20200818,SK,"최지훈, 최항, 최정, 한동민, 로맥, 고종욱, 최준우, 이재원, 김성현, 박종훈",한화,"이용규, 노수광, 정진호, 하주석, 강경학, 최인호, 임종찬, 정기훈, 최재훈, 김민우",3 , 9
20200818,삼성,"박해민, 김지찬, 구자욱, 이원석, 김동엽, 이성곤, 강민호, 김헌곤, 박계범, 최채흥",KT,"조용호, 황재균, 로하스, 강백호, 유한준, 배정대, 장성우, 박승욱, 심우준, 쿠에바스",6 , 3
20200818,롯데,"정훈, 손아섭, 전준우, 이대호, 한동희, 마차도, 안치홍, 민병헌, 김준태, 스트레일리",두산,"박건우, 페르난데스, 오재일, 김재환, 최주환, 김재호, 허경민, 정수빈, 정상호, 최원준",9 , 2
20200818,NC,"이명기, 권희동, 나성범, 양의지, 박석민, 이원재, 노진혁, 알테어, 지석훈, 루친스키",키움,"서건창, 김하성, 이정후, 러셀, 김웅빈, 김혜성, 임병욱, 주효상, 박준태, 한현희",1 , 5
20200819,LG,"홍창기, 오지환, 채은성, 김현수, 이형종, 라모스, 유강남, 장준원, 정주현, 켈리",KIA,"최원준, 터커, 최형우, 나지완, 김민식, 유민상, 나주환, 박찬호, 홍종표, 이민우",1 , 10
20200819,SK,"최지훈, 오태곤, 최정, 로맥, 한동민, 김강민, 최항, 이흥련, 김성현, 이건욱",한화,"이용규, 강경학, 노수광, 최진행, 하주석, 송광민, 최재훈, 임종찬, 노시환, 박주홍",6 , 26
20200819,삼성,"박해민, 구자욱, 김동엽, 이원석, 김헌곤, 강민호, 박계범, 김지찬, 이성규, 라이블리",KT,"조용호, 황재균, 로하스, 강백호, 유한준, 배정대, 장성우, 박승욱, 심우준, 데스파이네",6 , 4
20200819,롯데,"정훈, 손아섭, 전준우, 이대호, 한동희, 마차도, 안치홍, 정보근, 김재유, 샘슨",두산,"박건우, 정수빈, 페르난데스, 김재환, 최주환, 김재호, 김인태, 이유찬, 정상호, 이영하",3 , 7
20200929,LG,"홍창기, 오지환, 라모스, 김현수, 이형종, 이천웅, 김민성, 유강남, 정주현, 윌슨",롯데,"오윤석, 손아섭, 전준우, 이대호, 이병규, 마차도, 김준태, 한동희, 김재유, 샘슨",8 , 5
20200929,키움,"박준태, 김혜성, 서건창, 이정후, 김하성, 이지영, 러셀, 김웅빈, 전병우, 브리검",KIA,"최원준, 터커, 최형우, 나지완, 김태진, 김선빈, 김민식, 유민상, 박찬호, 임기영",10 , 6
20200929,한화,"노수광, 정진호, 노시환, 송광민, 이해창, 반즈, 이성열, 강경학, 정기훈, 김진욱",두산,"박건우, 페르난데스, 최주환, 김재환, 오재일, 허경민, 박세혁, 정수빈, 이유찬, 최원준",7 , 3
20200929,삼성,"박해민, 김상수, 구자욱, 팔카, 김동엽, 이원석, 강한울, 강민호, 김지찬, 이승민",KT,"배정대, 황재균, 로하스, 강백호, 유한준, 문상철, 박경수, 장성우, 심우준, 쿠에바스",4 , 1
20200929,NC,"이명기, 권희동, 박민우, 양의지, 나성범, 박석민, 노진혁, 알테어, 이원재, 루친스키",SK,"최지훈, 오태곤, 고종욱, 로맥, 김강민, 이재원, 채현우, 김창평, 김성현, 문승원",0 , 3
20200930,LG,"홍창기, 오지환, 이형종, 김현수, 라모스, 박용택, 김민성, 유강남, 정주현, 정찬헌",롯데,"오윤석, 손아섭, 전준우, 이대호, 이병규, 정훈, 한동희, 마차도, 김준태, 박세웅",3 , 5
20200930,키움,"박준태, 김혜성, 서건창, 이정후, 김하성, 러셀, 박동원, 변상권, 전병우, 요키시",KIA,"최원준, 김선빈, 터커, 최형우, 나지완, 김태진, 황대인, 한승택, 박찬호, 가뇽",3 , 2
20200930,한화,"정진호, 송광민, 노시환, 반즈, 최재훈, 최진행, 노태형, 박정현, 노수광, 서폴드",두산,"정수빈, 페르난데스, 최주환, 김재환, 허경민, 박세혁, 오재일, 김인태, 김재호, 장원준",0 , 10
20200930,삼성,"박해민, 김상수, 구자욱, 김동엽, 팔카, 이원석, 강한울, 강민호, 김지찬, 라이블리",KT,"배정대, 황재균, 로하스, 강백호, 문상철, 유한준, 박경수, 장성우, 심우준, 이대은",5 , 3
20200930,NC,"이명기, 권희동, 박민우, 나성범, 박석민, 노진혁, 강진성, 알테어, 김형준, 김영규",SK,"채현우, 오태곤, 김강민, 채태인, 류효승, 이재원, 김성현, 박성한, 최지훈, 이건욱",3 , 12
20201001,LG,"이천웅, 오지환, 이형종, 김현수, 라모스, 채은성, 양석환, 이성우, 정근우, 임찬규",롯데,"오윤석, 손아섭, 전준우, 이대호, 정훈, 한동희, 김준태, 마차도, 김재유, 노경은",3 , 2
20201001,키움,"박준태, 김혜성, 서건창, 이정후, 김웅빈, 러셀, 변상권, 박동원, 전병우, 최원태",KIA,"최원준, 김선빈, 터커, 최형우, 김태진, 김민식, 이우성, 유민상, 박찬호, 김현수",3 , 1
20201001,한화,"정진호, 노태형, 노시환, 반즈, 최재훈, 송광민, 최진행, 최인호, 박정현, 김이환",두산,"박건우, 페르난데스, 최주환, 김재환, 허경민, 오재일, 박세혁, 정수빈, 김재호, 유희관",4 , 12
20201001,삼성,"박해민, 김상수, 팔카, 김동엽, 이원석, 송준석, 강민호, 이성규, 박계범, 허윤동",KT,"배정대, 황재균, 로하스, 강백호, 문상철, 박경수, 장성우, 조용호, 심우준, 데스파이네",6 , 7
20201001,NC,"이명기, 권희동, 박민우, 양의지, 나성범, 박석민, 노진혁, 알테어, 강진성, 송명기",SK,"최지훈, 김경호, 오태곤, 채태인, 김강민, 정의윤, 이재원, 박성한, 김성현, 핀토",2 , 10
20201002,두산,"허경민, 정수빈, 최주환, 김재환, 페르난데스, 박건우, 박세혁, 김재호, 조수행, 알칸타라",KIA,"최원준, 김선빈, 터커, 최형우, 나지완, 김태진, 유민상, 한승택, 박찬호, 양현종",3 , 14
20201002,SK,"최지훈, 오태곤, 최정, 로맥, 김강민, 이재원, 남태혁, 박성한, 김성현, 조영우",키움,"박준태, 김혜성, 서건창, 이정후, 이지영, 러셀, 허정협, 김웅빈, 전병우, 이승호",12 , 5
20201002,KT,"배정대, 황재균, 로하스, 강백호, 문상철, 조용호, 박경수, 허도환, 심우준, 배제성",LG,"홍창기, 오지환, 이형종, 김현수, 채은성, 이천웅, 김민성, 유강남, 정주현, 이민호",2 , 5
20201002,롯데,"오윤석, 손아섭, 정훈, 이대호, 이병규, 허일, 한동희, 정보근, 마차도, 스트레일리",한화,"노수광, 이성열, 노시환, 반즈, 최재훈, 송광민, 노태형, 최인호, 박정현, 김민우",1 , 4
20201002,NC,"이명기, 권희동, 박민우, 양의지, 나성범, 박석민, 알테어, 강진성, 노진혁, 라이트",삼성,"박해민, 김상수, 구자욱, 김동엽, 팔카, 이원석, 이성규, 김응민, 김호재, 최채흥",8 , 2
20201003,두산,"허경민, 페르난데스, 최주환, 김재환, 오재일, 박건우, 박세혁, 김재호, 정수빈, 플렉센",KIA,"최원준, 김선빈, 터커, 최형우, 나지완, 김태진, 김민식, 유민상, 김규성, 이민우",2 , 7
20201003,SK,"최지훈, 김경호, 최정, 로맥, 오준혁, 김강민, 이재원, 박성한, 김성현, 박종훈",키움,"박준태, 김혜성, 서건창, 김하성, 허정협, 김웅빈, 박주홍, 주효상, 전병우, 한현희",3 , 9
20201003,KT,"배정대, 황재균, 로하스, 강백호, 문상철, 박경수, 조용호, 허도환, 심우준, 김민수",LG,"홍창기, 오지환, 이형종, 김현수, 채은성, 양석환, 김민성, 유강남, 정주현, 켈리",7 , 2
20201003,롯데,"오윤석, 손아섭, 전준우, 이대호, 이병규, 김준태, 마차도, 한동희, 김재유, 이승헌",한화,"노수광, 정진호, 노시환, 반즈, 최재훈, 이해창, 노태형, 최인호, 박정현, 장시환",0 , 10
20201003,NC,"이명기, 권희동, 박민우, 양의지, 나성범, 박석민, 강진성, 알테어, 지석훈, 이재학",삼성,"박해민, 구자욱, 김동엽, 이원석, 팔카, 강민호, 김호재, 김지찬, 이성규, 뷰캐넌",6 , 6
20201004,두산,"허경민, 페르난데스, 최주환, 김재환, 오재일, 박세혁, 박건우, 김재호, 정수빈, 함덕주",KIA,"최원준, 김선빈, 터커, 최형우, 나지완, 황대인, 김태진, 한승택, 박찬호, 임기영",1 , 7
20201004,SK,"최지훈, 김경호, 최정, 로맥, 오준혁, 김강민, 이재원, 박성한, 김성현, 문승원",키움,"박준태, 김혜성, 서건창, 김하성, 허정협, 이지영, 러셀, 김웅빈, 전병우, 브리검",0 , 6
20201004,KT,"배정대, 조용호, 로하스, 강백호, 유한준, 박경수, 장성우, 강민국, 심우준, 쿠에바스",LG,"홍창기, 오지환, 이형종, 김현수, 채은성, 김민성, 양석환, 유강남, 정주현, 윌슨",13 , 8
20201004,롯데,"오윤석, 손아섭, 전준우, 이대호, 이병규, 한동희, 마차도, 김준태, 민병헌, 샘슨",한화,"정진호, 노태형, 노시환, 반즈, 최재훈, 이성열, 송광민, 최진행, 박정현, 박주홍",5 , 14
20201004,NC,"이명기, 김성욱, 박민우, 양의지, 나성범, 박석민, 알테어, 이원재, 지석훈, 루친스키",삼성,"박해민, 구자욱, 김동엽, 팔카, 이원석, 강민호, 김호재, 양우현, 이성규, 장필준",1 , 4
20201006,LG,"홍창기, 오지환, 이형종, 김현수, 라모스, 채은성, 김민성, 유강남, 정주현, 남호",삼성,"박해민, 김호재, 구자욱, 김동엽, 팔카, 이원석, 강민호, 양우현, 이성규, 라이블리",3 , 2
20201006,키움,"박준태, 김혜성, 김하성, 서건창, 허정협, 김웅빈, 러셀, 박동원, 전병우, 요키시",NC,"김성욱, 이상호, 나성범, 양의지, 박석민, 강진성, 알테어, 김형준, 지석훈, 김영규",1 , 2
20201006,SK,"최지훈, 김경호, 최정, 로맥, 오준혁, 김강민, 이재원, 박성한, 김성현, 이건욱",두산,"허경민, 페르난데스, 최주환, 김재환, 오재일, 박세혁, 박건우, 정수빈, 김재호, 최원준",9 , 4
20201006,KIA,"최원준, 김선빈, 터커, 최형우, 나지완, 김태진, 김민식, 유민상, 박찬호, 가뇽",한화,"이용규, 정진호, 노시환, 반즈, 최재훈, 노태형, 강경학, 최인호, 박정현, 서폴드",3 , 2
20201006,롯데,"오윤석, 손아섭, 전준우, 이대호, 이병규, 정훈, 마차도, 한동희, 김준태, 박세웅",KT,"배정대, 황재균, 로하스, 강백호, 유한준, 조용호, 박경수, 장성우, 심우준, 데스파이네",9 , 10
20201007,LG,"홍창기, 오지환, 이형종, 김현수, 채은성, 김민성, 양석환, 유강남, 정주현, 임찬규",삼성,"박해민, 구자욱, 김동엽, 이원석, 팔카, 강민호, 이성규, 김지찬, 김호재, 허윤동",1 , 3
20201007,키움,"박준태, 김하성, 서건창, 이정후, 허정협, 김혜성, 러셀, 김웅빈, 박동원, 최원태",NC,"이명기, 김성욱, 박민우, 양의지, 나성범, 박석민, 노진혁, 알테어, 이원재, 송명기",4 , 3
20201007,SK,"최지훈, 오태곤, 최정, 로맥, 김강민, 남태혁, 김성현, 박성한, 이현석, 핀토",두산,"정수빈, 최주환, 페르난데스, 김재환, 박건우, 오재일, 박세혁, 김재호, 이유찬, 장원준",4 , 5
20201007,KIA,"최원준, 터커, 최형우, 김민식, 황대인, 김영환, 이우성, 박찬호, 김규성, 김현수",한화,"이용규, 정진호, 노시환, 반즈, 이해창, 강경학, 이성열, 박정현, 최인호, 김이환",5 , 0
20201007,롯데,"오윤석, 손아섭, 전준우, 이대호, 이병규, 정훈, 한동희, 정보근, 마차도, 스트레일리",KT,"조용호, 김민혁, 로하스, 강백호, 박경수, 박승욱, 홍현빈, 허도환, 심우준, 이대은",9 , 6
20201008,LG,"홍창기, 오지환, 이형종, 김현수, 채은성, 김민성, 양석환, 이성우, 정주현, 정찬헌",삼성,"박해민, 강한울, 구자욱, 김동엽, 이원석, 이성규, 김지찬, 김도환, 김호재, 최채흥",0 , 1
20201008,키움,"박준태, 김하성, 서건창, 이정후, 허정협, 김혜성, 러셀, 이지영, 김웅빈, 이승호",NC,"이명기, 김성욱, 박민우, 양의지, 나성범, 박석민, 알테어, 강진성, 노진혁, 라이트",7 , 10
20201008,SK,"최지훈, 오태곤, 최정, 로맥, 김강민, 고종욱, 김성현, 박성한, 이현석, 조영우",두산,"박건우, 최주환, 페르난데스, 김재환, 오재일, 박세혁, 허경민, 정수빈, 김재호, 알칸타라",10 , 0
20201008,KIA,"최원준, 김선빈, 터커, 최형우, 나지완, 김태진, 유민상, 백용환, 박찬호, 이민우",한화,"이용규, 정진호, 노시환, 반즈, 최재훈, 강경학, 송광민, 박정현, 노수광, 김민우",13 , 6
20201008,롯데,"오윤석, 손아섭, 전준우, 이대호, 이병규, 정훈, 한동희, 신본기, 김준태, 노경은",KT,"배정대, 조용호, 로하스, 강백호, 황재균, 장성우, 강민국, 홍현빈, 심우준, 배제성",6 , 5
20201009,LG,"홍창기, 이형종, 채은성, 김현수, 김민성, 오지환, 양석환, 유강남, 정주현, 켈리",NC,"이명기, 김성욱, 박민우, 양의지, 나성범, 박석민, 노진혁, 알테어, 이원재, 최성영",0 , 4
20201009,KT,"배정대, 황재균, 로하스, 강백호, 문상철, 장성우, 조용호, 강민국, 심우준, 소형준",두산,"박건우, 페르난데스, 오재일, 김재환, 최주환, 허경민, 박세혁, 정수빈, 김재호, 플렉센",4 , 0
20201009,한화,"이용규, 정진호, 노시환, 반즈, 최재훈, 송광민, 김민하, 강경학, 정기훈, 장시환",키움,"박준태, 서건창, 이정후, 박병호, 김하성, 허정협, 러셀, 김혜성, 박동원, 윤정현",6 , 7
20201009,삼성,"박해민, 구자욱, 김동엽, 팔카, 이원석, 강민호, 이성규, 양우현, 김호재, 원태인",롯데,"오윤석, 손아섭, 전준우, 이대호, 이병규, 정훈, 마차도, 한동희, 김준태, 샘슨",3 , 7
20201009,KIA,"최원준, 터커, 최형우, 나지완, 김태진, 김선빈, 김민식, 유민상, 박찬호, 임기영",SK,"최지훈, 김경호, 최정, 로맥, 오준혁, 고종욱, 이재원, 박성한, 김창평, 박종훈",3 , 5
20201010,LG,"홍창기, 오지환, 이형종, 김현수, 채은성, 김호은, 양석환, 이성우, 정주현, 김윤식",NC,"이명기, 알테어, 박민우, 양의지, 나성범, 박석민, 강진성, 노진혁, 김태군, 박정수",5 , 9
20201010,KT,"배정대, 황재균, 로하스, 강백호, 장성우, 조용호, 김민혁, 강민국, 심우준, 쿠에바스",두산,"허경민, 최주환, 페르난데스, 김재환, 오재일, 박건우, 정수빈, 김재호, 장승현, 함덕주",13 , 8
20201010,한화,"이용규, 정진호, 노시환, 반즈, 최재훈, 송광민, 김민하, 강경학, 이도윤, 박주홍",키움,"박준태, 김하성, 이정후, 박병호, 서건창, 허정협, 이지영, 김혜성, 전병우, 브리검",3 , 0
20201010,삼성,"박해민, 박승규, 김동엽, 강민호, 이성규, 김호재, 최영진, 김지찬, 김헌곤, 뷰캐넌",롯데,"오윤석, 손아섭, 전준우, 이대호, 이병규, 정훈, 한동희, 김준태, 마차도, 이승헌",1 , 0
20201010,KIA,"최원준, 터커, 최형우, 김선빈, 김태진, 이우성, 김민식, 유민상, 박찬호, 김기훈",SK,"오태곤, 김성현, 최정, 로맥, 김강민, 이재원, 남태혁, 박성한, 최지훈, 정수민",2 , 1
20201011,LG,"홍창기, 이형종, 채은성, 김현수, 김민성, 양석환, 유강남, 정주현, 구본혁, 남호",NC,"김성욱, 강진성, 박민우, 양의지, 나성범, 박석민, 노진혁, 알테어, 김형준, 김영규",3 , 7
20201011,KT,"김민혁, 황재균, 로하스, 강백호, 조용호, 배정대, 이홍구, 강민국, 심우준, 데스파이네",두산,"허경민, 최주환, 페르난데스, 김재환, 오재일, 박건우, 박세혁, 정수빈, 김재호, 최원준",4 , 5
20201011,한화,"이용규, 정진호, 최재훈, 송광민, 노시환, 김민하, 반즈, 강경학, 이도윤, 서폴드",키움,"박준태, 서건창, 김하성, 박병호, 이정후, 허정협, 러셀, 박동원, 김혜성, 조영건",3 , 9
20201011,삼성,"박해민, 구자욱, 김동엽, 이원석, 팔카, 강민호, 이성규, 김지찬, 김호재, 라이블리",롯데,"오윤석, 손아섭, 전준우, 이대호, 이병규, 정훈, 한동희, 김준태, 마차도, 박세웅",4 , 8
20201011,KIA,"최원준, 터커, 최형우, 나지완, 김태진, 황대인, 홍종표, 한승택, 박찬호, 가뇽",SK,"최지훈, 박성한, 최정, 로맥, 오태곤, 이재원, 김강민, 김성현, 김경호, 이건욱",9 , 5
20201013,두산,"허경민, 최주환, 페르난데스, 김재환, 오재일, 박건우, 박세혁, 정수빈, 김재호, 알칸타라",한화,"이용규, 노수광, 최재훈, 송광민, 김민하, 반즈, 강경학, 노시환, 이도윤, 김이환",0 , 5
20201013,KT,"배정대, 황재균, 로하스, 강백호, 문상철, 김민혁, 강민국, 강현우, 심우준, 이대은",키움,"박준태, 서건창, 김하성, 박병호, 이정후, 러셀, 허정협, 박동원, 전병우, 요키시",3 , 7
20201013,삼성,"박해민, 송준석, 김동엽, 팔카, 이원석, 강민호, 이성규, 김지찬, 김호재, 허윤동",SK,"박성한, 김성현, 최정, 로맥, 오태곤, 김강민, 남태혁, 이현석, 최지훈, 핀토",7 , 3
20201013,롯데,"오윤석, 손아섭, 전준우, 이대호, 이병규, 정훈, 한동희, 정보근, 마차도, 스트레일리",LG,"홍창기, 오지환, 이형종, 김현수, 채은성, 김민성, 양석환, 유강남, 정주현, 류원석",2 , 17
20201013,NC,"박민우, 권희동, 나성범, 양의지, 박석민, 강진성, 모창민, 알테어, 노진혁, 라이트",KIA,"최원준, 김선빈, 터커, 최형우, 나지완, 김민식, 김태진, 유민상, 박찬호, 양현종",11 , 9
20201014,두산,"허경민, 최주환, 페르난데스, 김재환, 오재일, 박건우, 박세혁, 정수빈, 김재호, 플렉센",한화,"이용규, 정진호, 김민하, 송광민, 최재훈, 노시환, 반즈, 이도윤, 오선진, 김민우",1 , 2
20201014,KT,"배정대, 황재균, 로하스, 강백호, 문상철, 조용호, 강민국, 허도환, 심우준, 배제성",키움,"박준태, 서건창, 김하성, 박병호, 이정후, 김혜성, 러셀, 박동원, 전병우, 최원태",5 , 3
20201014,삼성,"박해민, 김상수, 구자욱, 김동엽, 팔카, 이원석, 김호재, 김도환, 박계범, 최채흥",SK,"박성한, 최지훈, 최정, 로맥, 이재원, 김강민, 오태곤, 오준혁, 김성현, 조영우",1 , 2
20201014,롯데,"오윤석, 손아섭, 전준우, 이대호, 이병규, 정훈, 한동희, 김준태, 마차도, 샘슨",LG,"홍창기, 오지환, 이형종, 김현수, 채은성, 김민성, 양석환, 유강남, 정주현, 임찬규",0 , 3
20201014,NC,"이명기, 권희동, 박민우, 나성범, 박석민, 모창민, 노진혁, 알테어, 김형준, 송명기",KIA,"최원준, 김선빈, 터커, 최형우, 나지완, 김태진, 김민식, 유민상, 김규성, 김현수",3 , 8
20201015,두산,"박건우, 최주환, 페르난데스, 김재환, 허경민, 오재일, 박세혁, 정수빈, 김재호, 유희관",한화,"이용규, 노태형, 최재훈, 노시환, 김민하, 반즈, 정진호, 최인호, 조한민, 장민재",3 , 16
20201015,KT,"배정대, 황재균, 로하스, 강백호, 문상철, 조용호, 강민국, 강현우, 심우준, 쿠에바스",키움,"박준태, 서건창, 김하성, 박병호, 이정후, 김혜성, 허정협, 박동원, 전병우, 김재웅",4 , 0
20201015,삼성,"박해민, 김상수, 구자욱, 김동엽, 강민호, 팔카, 이원석, 강한울, 김지찬, 원태인",SK,"최지훈, 오태곤, 최정, 로맥, 이재원, 김강민, 고종욱, 박성한, 김성현, 박종훈",10 , 3
20201015,롯데,"오윤석, 손아섭, 전준우, 이대호, 정훈, 마차도, 한동희, 김준태, 김재유, 노경은",LG,"홍창기, 오지환, 이형종, 김현수, 채은성, 김민성, 양석환, 유강남, 정주현, 정찬헌",6 , 2
20201015,NC,"이명기, 최정원, 박민우, 양의지, 나성범, 박석민, 노진혁, 알테어, 이원재, 박정수",KIA,"최원준, 김선빈, 터커, 최형우, 이우성, 김태진, 김민식, 유민상, 박찬호, 임기영",12 , 11
20201016,LG,"홍창기, 오지환, 이형종, 김현수, 채은성, 김민성, 양석환, 유강남, 정주현, 켈리",KIA,"최원준, 김선빈, 터커, 최형우, 나지완, 김태진, 유민상, 한승택, 박찬호, 가뇽",0 , 9
20201016,키움,"박준태, 서건창, 김하성, 박병호, 이정후, 김혜성, 허정협, 전병우, 주효상, 브리검",두산,"허경민, 최주환, 페르난데스, 김재환, 오재일, 박세혁, 정수빈, 김재호, 김인태, 김민규",4 , 7
20201016,SK,"최지훈, 오태곤, 최정, 로맥, 고종욱, 이재원, 김강민, 박성한, 김성현, 정수민",KT,"조용호, 황재균, 로하스, 강백호, 문상철, 배정대, 강민국, 이홍구, 심우준, 데스파이네",1 , 7
20201016,한화,"이용규, 강경학, 김민하, 노시환, 최재훈, 반즈, 임종찬, 오선진, 최인호, 박주홍",삼성,"박해민, 김상수, 구자욱, 김동엽, 이원석, 팔카, 강민호, 강한울, 김호재, 뷰캐넌",6 , 2
20201016,NC,"이명기, 권희동, 박민우, 양의지, 나성범, 노진혁, 모창민, 알테어, 지석훈, 루친스키",롯데,"정훈, 손아섭, 전준우, 이대호, 이병규, 마차도, 오윤석, 한동희, 김준태, 이승헌",5 , 6
20201017,LG,"홍창기, 오지환, 이형종, 김현수, 채은성, 김민성, 양석환, 유강남, 정주현, 남호",KIA,"최원준, 김선빈, 터커, 최형우, 나지완, 황대인, 김태진, 한승택, 박찬호, 김기훈",8 , 11
20201017,키움,"박준태, 서건창, 김하성, 이정후, 김웅빈, 김혜성, 허정협, 박동원, 전병우, 이승호",두산,"허경민, 최주환, 페르난데스, 김재환, 오재일, 박건우, 정수빈, 김재호, 장승현, 최원준",3 , 5
20201017,SK,"최지훈, 오태곤, 최정, 로맥, 고종욱, 이재원, 김성현, 박성한, 김경호, 이건욱",KT,"조용호, 황재균, 로하스, 강백호, 유한준, 배정대, 장성우, 박승욱, 심우준, 소형준",6 , 4
20201017,한화,"정진호, 임종찬, 노시환, 반즈, 김민하, 최인호, 조한민, 박상언, 이도윤, 장웅정",삼성,"박해민, 김상수, 구자욱, 김동엽, 팔카, 이성규, 김호재, 김도환, 박계범, 장필준",4 , 2
20201017,NC,"이명기, 강진성, 박민우, 양의지, 나성범, 노진혁, 알테어, 김태군, 박준영, 김영규",롯데,"정훈, 손아섭, 전준우, 이대호, 안치홍, 한동희, 오윤석, 마차도, 김준태, 박세웅",3 , 4
20201018,LG,"홍창기, 오지환, 이형종, 김현수, 채은성, 김민성, 양석환, 유강남, 정주현, 이민호",KIA,"최원준, 김선빈, 터커, 최형우, 나지완, 김태진, 김민식, 유민상, 박찬호, 양현종",4 , 0
20201018,키움,"박준태, 서건창, 김하성, 이정후, 김웅빈, 김혜성, 변상권, 박동원, 전병우, 요키시",두산,"허경민, 최주환, 페르난데스, 김재환, 오재일, 박건우, 김재호, 정수빈, 박세혁, 알칸타라",8 , 2
20201018,SK,"김경호, 오태곤, 최정, 로맥, 고종욱, 김강민, 김창평, 박성한, 이현석, 핀토",KT,"조용호, 황재균, 로하스, 강백호, 장성우, 문상철, 배정대, 강민국, 천성호, 이대은",7 , 5
20201018,한화,"이용규, 김민하, 노시환, 반즈, 최재훈, 송광민, 조한민, 임종찬, 강경학, 김이환",삼성,"박해민, 강한울, 구자욱, 김동엽, 팔카, 이원석, 강민호, 김호재, 박계범, 이승민",5 , 4
20201018,NC,"이명기, 최정원, 박민우, 나성범, 강진성, 알테어, 권희동, 김태군, 지석훈, 라이트",롯데,"정훈, 손아섭, 전준우, 이대호, 이병규, 안치홍, 한동희, 정보근, 마차도, 스트레일리",9 , 2
20200516,LG,"이천웅, 김현수, 박용택, 라모스, 홍창기, 오지환, 정주현, 박재욱, 백승현, 정찬헌",키움,"서건창, 김하성, 이정후, 박병호, 박동원, 임병욱, 이택근, 김혜성, 박준태, 한현희",3 , 5
20200611,LG,"이천웅, 김현수, 채은성, 라모스, 박용택, 김민성, 오지환, 유강남, 정주현, 이민호",SK,"노수광, 최지훈, 최정, 로맥, 정의윤, 정진기, 최항, 이흥련, 정현, 핀토",1 , 3
20200613,삼성,"김상수, 박찬도, 구자욱, 살라디노, 이학주, 백승민, 박승규, 강민호, 박해민, 뷰캐넌",KT,"조용호, 배정대, 강백호, 유한준, 로하스, 박경수, 장성우, 천성호, 심우준, 데스파이네",3 , 5
20200625,LG,"이천웅, 정근우, 김현수, 라모스, 유강남, 오지환, 정주현, 이재원, 장준원, 윌슨",키움,"서건창, 김하성, 이정후, 박병호, 허정협, 이지영, 김혜성, 전병우, 김규민, 이승호",5 , 2
20200625,KT,"배정대, 조용호, 로하스, 강백호, 유한준, 장성우, 황재균, 천성호, 심우준, 배제성",NC,"박민우, 이명기, 나성범, 양의지, 강진성, 노진혁, 박석민, 알테어, 권희동, 라이트",3 , 1
20200625,SK,"김경호, 최지훈, 최정, 로맥, 정의윤, 김강민, 이재원, 최준우, 김성현, 박종훈",두산,"박건우, 페르난데스, 최주환, 김재환, 오재일, 허경민, 박세혁, 김재호, 정수빈, 유희관",14 , 6
20201007,KIA,"최원준, 김선빈, 터커, 최형우, 나지완, 김태진, 유민상, 한승택, 박찬호, 양현종",한화,"이용규, 정진호, 노시환, 반즈, 최재훈, 송광민, 김민하, 오선진, 박정현, 장민재",4 , 6
20200713,KIA,"이창진, 터커, 최형우, 나지완, 유민상, 김민식, 박찬호, 최정용, 김규성, 임기영",키움,"서건창, 김하성, 이정후, 박병호, 박동원, 허정협, 김혜성, 전병우, 박주홍, 한현희",3 , 13
20200713,한화,"이용규, 정은원, 김태균, 최진행, 하주석, 오선진, 최재훈, 임종찬, 유장혁, 장시환",SK,"최지훈, 오준혁, 최정, 로맥, 채태인, 최준우, 정진기, 이현석, 김성현, 문승원",2 , 4
20201010,LG,"홍창기, 이형종, 채은성, 김현수, 김민성, 오지환, 양석환, 유강남, 정주현, 이민호",NC,"이명기, 권희동, 박민우, 양의지, 나성범, 박석민, 노진혁, 이원재, 김성욱, 루친스키",0 , 5
20201003,NC,"이명기, 이원재, 박민우, 양의지, 나성범, 박석민, 알테어, 김태군, 지석훈, 박정수",삼성,"박승규, 구자욱, 김동엽, 이원석, 팔카, 강한울, 양우현, 김도환, 박계범, 원태인",2 , 12
20201003,KT,"배정대, 황재균, 로하스, 강백호, 문상철, 박경수, 유한준, 장성우, 강민국, 소형준",LG,"홍창기, 오지환, 이형종, 김현수, 채은성, 이천웅, 양석환, 이성우, 정주현, 김윤식",2 , 12
20200727,한화,"이용규, 강경학, 반즈, 김태균, 최진행, 하주석, 노시환, 최재훈, 정은원, 채드벨",SK,"김강민, 최준우, 최정, 로맥, 한동민, 이재원, 윤석민, 김성현, 최지훈, 이건욱",5 , 5
20200920,롯데,"정훈, 손아섭, 전준우, 이대호, 한동희, 마차도, 이병규, 정보근, 안치홍, 이승헌",NC,"이명기, 김성욱, 박민우, 양의지, 강진성, 박석민, 노진혁, 알테어, 권희동, 라이트",7 , 2
20200904,KT,"조용호, 황재균, 로하스, 강백호, 유한준, 배정대, 박경수, 장성우, 심우준, 데스파이네",SK,"최지훈, 고종욱, 최정, 로맥, 한동민, 김강민, 최항, 이재원, 김성현, 박종훈",2 , 10
20200904,롯데,"정훈, 손아섭, 전준우, 이대호, 한동희, 마차도, 안치홍, 김준태, 민병헌, 서준원",KIA,"박찬호, 터커, 최형우, 나지완, 유민상, 한승택, 홍종표, 김호령, 김규성, 양현종",6 , 3
20200909,삼성,"박해민, 김상수, 구자욱, 팔카, 이원석, 강민호, 김헌곤, 김지찬, 이성규, 뷰캐넌",한화,"노수광, 오선진, 노시환, 반즈, 하주석, 송광민, 이성열, 최재훈, 최인호, 김민우",4 , 4
20200927,두산,"정수빈, 페르난데스, 최주환, 김재환, 오재일, 박세혁, 허경민, 조수행, 이유찬, 플렉센",키움,"박준태, 김혜성, 서건창, 이정후, 김하성, 러셀, 김웅빈, 주효상, 전병우, 한현희",7 , 3
20200824,LG,"홍창기, 오지환, 채은성, 김현수, 이형종, 라모스, 장준원, 이성우, 정주현, 정찬헌",한화,"이용규, 강경학, 반즈, 이성열, 하주석, 노시환, 노수광, 임종찬, 이해창, 김이환",6 , 3
20200824,KT,"김민혁, 황재균, 로하스, 강백호, 유한준, 배정대, 장성우, 박승욱, 심우준, 쿠에바스",NC,"이명기, 김준완, 박민우, 나성범, 양의지, 모창민, 노진혁, 김태군, 지석훈, 루친스키",1 , 8
20201017,한화,"노수광, 이용규, 노시환, 반즈, 최재훈, 송광민, 김민하, 강경학, 오선진, 서폴드",삼성,"박해민, 김상수, 구자욱, 김동엽, 이원석, 강한울, 강민호, 최영진, 김헌곤, 라이블리",4 , 4
20200830,KIA,"최원준, 터커, 최형우, 나지완, 김민식, 유민상, 박찬호, 홍종표, 황윤호, 김기훈",KT,"조용호, 황재균, 로하스, 강백호, 박경수, 배정대, 장성우, 강민국, 심우준, 데스파이네",8 , 5
20200907,롯데,"손아섭, 정훈, 전준우, 이대호, 한동희, 마차도, 이병규, 김준태, 안치홍, 박세웅",LG,"홍창기, 오지환, 이형종, 라모스, 박용택, 이천웅, 양석환, 유강남, 정주현, 이민호",6 , 12
20200906,삼성,"박해민, 김상수, 구자욱, 팔카, 이원석, 김헌곤, 강민호, 김지찬, 이성규, 라이블리",NC,"박민우, 이명기, 나성범, 양의지, 알테어, 강진성, 박석민, 노진혁, 권희동, 신민혁",3 , 5
20201023,한화,"이용규, 김민하, 노시환, 반즈, 최재훈, 강경학, 송광민, 이성열, 오선진, 서폴드",NC,"박민우, 이명기, 나성범, 양의지, 강진성, 노진혁, 권희동, 알테어, 지석훈, 루친스키",6 , 11
20201023,KIA,"최원준, 김선빈, 터커, 최형우, 나지완, 김태진, 유민상, 한승택, 박찬호, 김기훈",LG,"홍창기, 오지환, 이형종, 김현수, 채은성, 김민성, 양석환, 유강남, 정주현, 켈리",8 , 4
20201024,두산,"정수빈, 최주환, 페르난데스, 김재환, 오재일, 박세혁, 허경민, 김재호, 조수행, 알칸타라",롯데,"정훈, 손아섭, 전준우, 이대호, 이병규, 안치홍, 김준태, 한동희, 마차도, 박세웅",1 , 2
20201024,KIA,"최원준, 터커, 최형우, 나지완, 김민식, 김태진, 유민상, 박찬호, 김규성, 양현종",삼성,"박해민, 최영진, 팔카, 이원석, 강민호, 김헌곤, 김호재, 박계범, 박승규, 라이블리",11 , 7
20201024,NC,"박민우, 이명기, 나성범, 양의지, 강진성, 노진혁, 김성욱, 알테어, 지석훈, 라이트",LG,"홍창기, 오지환, 이형종, 김현수, 채은성, 김민성, 양석환, 유강남, 정주현, 정찬헌",3 , 3
20201025,KT,"조용호, 황재균, 강백호, 유한준, 장성우, 김민혁, 배정대, 강민국, 심우준, 배제성",롯데,"정훈, 손아섭, 전준우, 이대호, 이병규, 오윤석, 김준태, 한동희, 마차도, 샘슨",5 , 10
20201025,KIA,"최원준, 김선빈, 터커, 최형우, 나지완, 황대인, 김태진, 한승택, 박찬호, 임기영",삼성,"김헌곤, 구자욱, 김동엽, 강민호, 팔카, 이성곤, 김호재, 박계범, 강한울, 이승민",1 , 10
20201027,두산,"정수빈, 페르난데스, 오재일, 김재환, 허경민, 박세혁, 김재호, 오재원, 조수행, 플렉센",한화,"이용규, 김민하, 노시환, 반즈, 송광민, 임종찬, 박상언, 이도윤, 조한민, 장웅정",0 , 3
20201027,KIA,"최원준, 김선빈, 터커, 최형우, 나지완, 김태진, 김민식, 유민상, 박찬호, 장현식",KT,"조용호, 황재균, 로하스, 강백호, 유한준, 장성우, 배정대, 강민국, 심우준, 데스파이네",7 , 6
20201027,롯데,"정훈, 손아섭, 전준우, 이대호, 이병규, 마차도, 한동희, 오윤석, 김준태, 노경은",SK,"오태곤, 고종욱, 최정, 로맥, 이재원, 김성현, 최지훈, 박성한, 이현석, 핀토",0 , 1
20201027,NC,"박민우, 권희동, 나성범, 양의지, 강진성, 노진혁, 알테어, 김태군, 지석훈, 김영규",삼성,"박해민, 최영진, 구자욱, 김동엽, 팔카, 김호재, 박계범, 김도환, 강한울, 최채흥",12 , 2
20201028,LG,"홍창기, 오지환, 채은성, 김현수, 이형종, 김민성, 양석환, 유강남, 정주현, 임찬규",한화,"노수광, 강경학, 노시환, 반즈, 이성열, 이해창, 김지수, 장운호, 조한민, 김이환",7 , 6
20201028,KIA,"최원준, 김선빈, 터커, 최형우, 나지완, 김민식, 김태진, 유민상, 박찬호, 김현수",KT,"조용호, 황재균, 로하스, 강백호, 유한준, 장성우, 배정대, 강민국, 심우준, 쿠에바스",3 , 4
20201028,롯데,"정훈, 손아섭, 전준우, 이대호, 이병규, 한동희, 안치홍, 마차도, 김준태, 최영환",NC,"이명기, 권희동, 박민우, 양의지, 나성범, 강진성, 김성욱, 지석훈, 김찬형, 송명기",7 , 1
20201029,한화,"정진호, 강경학, 노시환, 반즈, 송광민, 임종찬, 허관회, 김지수, 조한민, 오동욱",KT,"조용호, 황재균, 로하스, 강백호, 유한준, 장성우, 배정대, 박승욱, 심우준, 소형준",12 , 1
20201029,KIA,"최원준, 김선빈, 터커, 최형우, 나지완, 황대인, 한승택, 김태진, 박찬호, 양현종",두산,"허경민, 페르난데스, 오재일, 김재환, 박세혁, 김재호, 정수빈, 오재원, 조수행, 유희관",9 , 2
20201029,롯데,"정훈, 손아섭, 전준우, 이대호, 이병규, 김준태, 안치홍, 한동희, 마차도, 이승헌",NC,"이명기, 권희동, 나성범, 양의지, 알테어, 노진혁, 강진성, 지석훈, 김찬형, 루친스키",11 , 4
20201030,두산,"허경민, 페르난데스, 오재일, 김재환, 박건우, 정수빈, 박세혁, 김재호, 오재원, 알칸타라",키움,"박준태, 김웅빈, 이정후, 박병호, 김하성, 김혜성, 박동원, 러셀, 허정협, 요키시",0 , 2
20201030,SK,"오태곤, 고종욱, 최정, 로맥, 이재원, 김강민, 김성현, 최지훈, 박성한, 윤희상",LG,"홍창기, 오지환, 채은성, 김현수, 이형종, 이천웅, 김민성, 유강남, 정주현, 정찬헌",2 , 3
20201030,한화,"노수광, 정진호, 노시환, 반즈, 이성열, 송광민, 이해창, 강경학, 오선진, 김범수",KT,"조용호, 황재균, 로하스, 강백호, 유한준, 장성우, 배정대, 강민국, 심우준, 배제성",3 , 4
20201030,삼성,"박해민, 김상수, 구자욱, 김동엽, 강민호, 이원석, 팔카, 최영진, 강한울, 원태인",NC,"이명기, 권희동, 박민우, 양의지, 나성범, 노진혁, 모창민, 알테어, 지석훈, 구창모",4 , 4
20201030,롯데,"정훈, 손아섭, 전준우, 이대호, 이병규, 안치홍, 마차도, 한동희, 김준태, 샘슨",KIA,"최원준, 김선빈, 터커, 최형우, 나지완, 김민식, 김태진, 유민상, 박찬호, 가뇽",2 , 13
20201020,SK,"김경호, 오태곤, 최정, 로맥, 고종욱, 이재원, 김창평, 박성한, 최지훈, 조영우",삼성,"박해민, 김상수, 구자욱, 김동엽, 이원석, 팔카, 강민호, 강한울, 김호재, 최채흥",12 , 2
20201020,KT,"조용호, 황재균, 강백호, 유한준, 장성우, 배정대, 강민국, 문상철, 심우준, 배제성",LG,"홍창기, 오지환, 이형종, 김현수, 채은성, 박용택, 김민성, 유강남, 정주현, 임찬규",7 , 6
20201020,KIA,"최원준, 김선빈, 터커, 최형우, 나지완, 김태진, 김민식, 유민상, 박찬호, 장현식",NC,"박민우, 이명기, 나성범, 양의지, 권희동, 노진혁, 강진성, 알테어, 지석훈, 송명기",13 , 3
20201020,롯데,"정훈, 손아섭, 전준우, 이대호, 이병규, 오윤석, 마차도, 한동희, 김준태, 샘슨",두산,"정수빈, 최주환, 페르난데스, 김재환, 오재일, 허경민, 박세혁, 김재호, 조수행, 플렉센",6 , 1
20201021,SK,"오태곤, 고종욱, 최정, 로맥, 이재원, 김성현, 김경호, 최지훈, 박성한, 박종훈",롯데,"정훈, 손아섭, 전준우, 이대호, 이병규, 한동희, 오윤석, 신본기, 김준태, 노경은",3 , 11
20201021,KT,"조용호, 황재균, 강백호, 유한준, 장성우, 배정대, 강민국, 문상철, 심우준, 데스파이네",삼성,"박해민, 강한울, 구자욱, 김동엽, 팔카, 강민호, 이성규, 김지찬, 김호재, 원태인",1 , 2
20201022,두산,"정수빈, 최주환, 페르난데스, 김재환, 오재일, 박세혁, 허경민, 김재호, 조수행, 유희관",KT,"조용호, 황재균, 강백호, 유한준, 장성우, 김민혁, 배정대, 박승욱, 심우준, 쿠에바스",17 , 5
20201022,SK,"오태곤, 고종욱, 최정, 로맥, 채태인, 이재원, 김성현, 박성한, 최지훈, 정수민",롯데,"정훈, 손아섭, 전준우, 이대호, 이병규, 안치홍, 한동희, 마차도, 김준태, 이승헌",8 , 9
20201022,한화,"이용규, 노수광, 노시환, 반즈, 최재훈, 강경학, 임종찬, 최인호, 조한민, 장민재",KIA,"최원준, 김선빈, 터커, 최형우, 나지완, 김민식, 황대인, 김태진, 박찬호, 가뇽",10 , 4
20201023,두산,"정수빈, 최주환, 페르난데스, 김재환, 오재일, 허경민, 박세혁, 김재호, 조수행, 최원준",키움,"박준태, 서건창, 이정후, 박병호, 김하성, 김혜성, 이지영, 허정협, 전병우, 브리검",6 , 2
20201023,SK,"최지훈, 고종욱, 오태곤, 로맥, 이재원, 김강민, 김성현, 김경호, 박성한, 이건욱",롯데,"정훈, 손아섭, 전준우, 이대호, 이병규, 안치홍, 한동희, 정보근, 마차도, 스트레일리",3 , 0
20201031,KIA,"최정민, 이진영, 황대인, 이우성, 한승택, 최정용, 백용환, 김규성, 김호령, 임기영",NC,"이재율, 나성범, 박민우, 양의지, 강진성, 노진혁, 김성욱, 김태군, 지석훈, 신민혁",3 , 4
20201102,LG,"홍창기, 김현수, 채은성, 라모스, 이형종, 오지환, 김민성, 유강남, 정주현, 켈리",키움,"박준태, 서건창, 이정후, 박병호, 김하성, 김혜성, 이지영, 허정협, 전병우, 브리검",3 , 4
20201104,두산,"허경민, 페르난데스, 오재일, 김재환, 박건우, 박세혁, 김재호, 정수빈, 오재원, 플렉센",LG,"홍창기, 오지환, 김현수, 라모스, 채은성, 이형종, 김민성, 유강남, 정주현, 이민호",0 , 4
20201105,LG,"홍창기, 오지환, 김현수, 라모스, 채은성, 김민성, 이형종, 유강남, 정주현, 윌슨",두산,"정수빈, 페르난데스, 오재일, 김재환, 허경민, 박세혁, 김재호, 오재원, 박건우, 알칸타라",9 , 7
20201109,KT,"황재균, 강백호, 로하스, 유한준, 장성우, 박경수, 조용호, 배정대, 심우준, 소형준",두산,"정수빈, 페르난데스, 오재일, 김재환, 허경민, 박세혁, 김재호, 오재원, 박건우, 플렉센",3 , 2
20201110,KT,"조용호, 황재균, 로하스, 강백호, 유한준, 장성우, 박경수, 배정대, 심우준, 데스파이네",두산,"정수빈, 페르난데스, 오재일, 김재환, 허경민, 박세혁, 김재호, 오재원, 박건우, 최원준",4 , 1
20201112,두산,"정수빈, 페르난데스, 오재일, 김재환, 허경민, 박세혁, 김재호, 오재원, 박건우, 알칸타라",KT,"조용호, 황재균, 로하스, 유한준, 강백호, 박경수, 배정대, 장성우, 심우준, 쿠에바스",5 , 2
20201113,두산,"박건우, 정수빈, 페르난데스, 김재환, 최주환, 박세혁, 허경민, 오재일, 김재호, 유희관",KT,"조용호, 황재균, 로하스, 유한준, 강백호, 장성우, 배정대, 박승욱, 심우준, 배제성",0 , 2
20201117,NC,"박민우, 이명기, 나성범, 양의지, 박석민, 노진혁, 권희동, 알테어, 강진성, 루친스키",두산,"박건우, 최주환, 페르난데스, 김재환, 허경민, 오재일, 박세혁, 김재호, 정수빈, 알칸타라",3 , 5
20201118,NC,"박민우, 이명기, 나성범, 양의지, 박석민, 노진혁, 권희동, 알테어, 강진성, 구창모",두산,"허경민, 정수빈, 최주환, 김재환, 박세혁, 김재호, 페르난데스, 오재일, 박건우, 플렉센",5 , 4
20201120,두산,"허경민, 정수빈, 최주환, 김재환, 페르난데스, 김재호, 오재일, 박건우, 박세혁, 최원준",NC,"박민우, 이명기, 나성범, 양의지, 박석민, 노진혁, 강진성, 알테어, 권희동, 라이트",6 , 7
20201121,두산,"허경민, 정수빈, 최주환, 김재환, 페르난데스, 김재호, 오재일, 박세혁, 조수행, 김민규",NC,"박민우, 이명기, 나성범, 양의지, 강진성, 모창민, 노진혁, 알테어, 지석훈, 송명기",3 , 0
20201123,NC,"박민우, 이명기, 나성범, 양의지, 강진성, 노진혁, 박석민, 알테어, 권희동, 구창모",두산,"허경민, 정수빈, 페르난데스, 김재환, 김재호, 최주환, 박세혁, 오재일, 박건우, 플렉센",0 , 5
20201124,NC,"박민우, 이명기, 나성범, 양의지, 알테어, 박석민, 노진혁, 강진성, 권희동, 루친스키",두산,"허경민, 정수빈, 최주환, 김재환, 김재호, 페르난데스, 오재일, 박건우, 박세혁, 알칸타라",2 , 4
